comparison_group,strategy,reward_mode,sentiment_variant,seed_count,test_sharpe_ratio_mean,test_sharpe_ratio_std,test_annualized_return_mean,test_annualized_return_std,test_max_drawdown_mean,test_max_drawdown_std
shared_baselines,buy_and_hold,profit,none,1,0.860468647981461,0.0,0.2835358816410276,0.0,-0.43351277477683203,0.0
shared_baselines,random,profit,none,1,0.12825479243451102,0.0,0.029437839009911926,0.0,-0.2537820069523884,0.0
profit_none,double_dqn,profit,none,5,0.709969066321215,0.49998203369307337,0.17730757985222886,0.1225299777286665,-0.32712563158046376,0.052075714299597106
profit_sparse,double_dqn,profit,sparse,5,0.4016915972611856,0.4739385524404682,0.0676409966214293,0.09266301374709975,-0.23129884059152048,0.1074686007367045
profit_decay,double_dqn,profit,decay,5,1.7545936500934292,0.6570910446947168,0.3677997424679468,0.10566814330019118,-0.17810564058817352,0.05316469737120703
sharpe_none,double_dqn,sharpe,none,5,0.9141446472310266,0.5399624546974731,0.19789554558487601,0.12224496858825905,-0.26174704994598547,0.05801502142471975
sharpe_sparse,double_dqn,sharpe,sparse,5,0.9745018250589889,0.2937567582719525,0.1729038841362419,0.03777116787194421,-0.1427700185334862,0.022125336528465937
sharpe_decay,double_dqn,sharpe,decay,5,1.42991164220736,0.2000853031633519,0.2411569015025885,0.045797025991983174,-0.13372439440432815,0.01952078688684658
