seed,run_name,reward_mode,sentiment_variant,differential_sharpe_eta,differential_sharpe_warmup_steps,differential_sharpe_min_variance,dataset,strategy,cumulative_return,annualized_return,annualized_volatility,sharpe_ratio,max_drawdown
42,sharpe_none_eta0p01_seed42,sharpe,none,0.01,20,1e-06,train,double_dqn,1.5424530072421914,0.21484760387259816,0.27476238883526843,0.7819396416785716,-0.26418188961408473
42,sharpe_none_eta0p01_seed42,sharpe,none,0.01,20,1e-06,validation,double_dqn,0.22337447439294222,0.1140521022809462,0.29957334239279504,0.3807151242829984,-0.5065255703424141
42,sharpe_none_eta0p01_seed42,sharpe,none,0.01,20,1e-06,test,double_dqn,-0.3155075934688045,-0.06919884598739046,0.4877337624686148,-0.14187831827993114,-0.6105712731656363
