{
  "fit_split": "train",
  "feature_columns": [
    "return_1",
    "log_return_1",
    "momentum_14",
    "volatility_14",
    "rsi_14",
    "day_of_week_sin",
    "day_of_week_cos",
    "day_of_year_sin",
    "day_of_year_cos",
    "volume_change_1",
    "news_count",
    "mean_ticker_sentiment",
    "mean_ticker_relevance",
    "sentiment_std",
    "sentiment_mean_3",
    "sentiment_mean_7",
    "sentiment_diff_1",
    "sentiment_window_spread_3_7"
  ],
  "means": {
    "return_1": 0.0011281744427221068,
    "log_return_1": 0.0008982090233440435,
    "momentum_14": 0.015104382671262701,
    "volatility_14": 0.018468060741657473,
    "rsi_14": 54.8901273985196,
    "day_of_week_sin": 0.3607787182376709,
    "day_of_week_cos": -0.09155864735955731,
    "day_of_year_sin": -0.00561651146202242,
    "day_of_year_cos": -0.01761506095077155,
    "volume_change_1": 0.09176207542029621,
    "news_count": 0.30527722110888444,
    "mean_ticker_sentiment": 0.052345460542224415,
    "mean_ticker_relevance": 0.1577439046844772,
    "sentiment_std": 0.00913929347998247,
    "sentiment_mean_3": 0.052164992829020214,
    "sentiment_mean_7": 0.05203657367324834,
    "sentiment_diff_1": 0.0002749559118236473,
    "sentiment_window_spread_3_7": 0.00012841915577185248
  },
  "stds": {
    "return_1": 0.021533588816811125,
    "log_return_1": 0.02138452127694262,
    "momentum_14": 0.06848764347049091,
    "volatility_14": 0.011590344138722695,
    "rsi_14": 15.606961083949619,
    "day_of_week_sin": 0.5149620608128266,
    "day_of_week_cos": 0.7721850856393682,
    "day_of_year_sin": 0.7139738997275735,
    "day_of_year_cos": 0.699928164124361,
    "volume_change_1": 0.5552990666534093,
    "news_count": 0.8039183890096487,
    "mean_ticker_sentiment": 0.13137157778088362,
    "mean_ticker_relevance": 0.31694820087308384,
    "sentiment_std": 0.049705126418878476,
    "sentiment_mean_3": 0.07962909995865892,
    "sentiment_mean_7": 0.05651276134902093,
    "sentiment_diff_1": 0.18031030266828066,
    "sentiment_window_spread_3_7": 0.05573763647426999
  }
}