seed,run_name,reward_mode,sentiment_variant,differential_sharpe_eta,differential_sharpe_warmup_steps,differential_sharpe_min_variance,dataset,strategy,cumulative_return,annualized_return,annualized_volatility,sharpe_ratio,max_drawdown
46,sharpe_sparse_seed46,sharpe,sparse,0.005,20,1e-06,train,double_dqn,18.74637162764031,0.7099577390254557,0.26251878966514597,2.704407329970694,-0.22718710380000717
46,sharpe_sparse_seed46,sharpe,sparse,0.005,20,1e-06,validation,double_dqn,0.13157174699737162,0.08192701499223953,0.2806074470504489,0.29196308171219104,-0.47702800351644015
46,sharpe_sparse_seed46,sharpe,sparse,0.005,20,1e-06,test,double_dqn,-0.15949385369617808,-0.06002687536398921,0.22707520616498372,-0.26434799455989966,-0.32363998968559804
