comparison_group,strategy,reward_mode,sentiment_variant,seed_count,test_sharpe_ratio_mean,test_sharpe_ratio_std,test_annualized_return_mean,test_annualized_return_std,test_max_drawdown_mean,test_max_drawdown_std
shared_baselines,buy_and_hold,profit,none,1,-0.42923666821657375,0.0,-0.1532455531596263,0.0,-0.5156984640583278,0.0
shared_baselines,random,profit,none,1,-0.5523710539147036,0.0,-0.12967446589231546,0.0,-0.38726896345647377,0.0
profit_none,double_dqn,profit,none,5,-0.15643830229063868,0.26496366668711063,-0.0437266834670134,0.07768140427778002,-0.3096883972754109,0.04705674109882261
profit_sparse,double_dqn,profit,sparse,5,-0.36741326900958604,0.1622107642784033,-0.10017736586305862,0.047524277620168004,-0.3787382098246959,0.034546707979451204
profit_decay,double_dqn,profit,decay,5,-0.5609837909048616,0.42689048840372645,-0.14548209443831248,0.09970871962112098,-0.4631832535157658,0.0741997621503329
sharpe_none,double_dqn,sharpe,none,5,-0.39830786324970563,0.3806831755057366,-0.10157686416878828,0.09158959295361509,-0.3965516622188634,0.0384020454230029
sharpe_sparse,double_dqn,sharpe,sparse,5,-0.3894480356030039,0.3744585977767754,-0.10771826149955274,0.1030459401796858,-0.38480433915257706,0.07494089029055204
sharpe_decay,double_dqn,sharpe,decay,5,-0.36635845782404114,0.42049141870020385,-0.10196472114745396,0.11025314490550851,-0.38293604855250185,0.06593957445234842
