comparison_group,strategy,reward_mode,sentiment_variant,seed_count,test_sharpe_ratio_mean,test_sharpe_ratio_std,test_annualized_return_mean,test_annualized_return_std,test_max_drawdown_mean,test_max_drawdown_std
shared_baselines,buy_and_hold,profit,none,1,0.832949381862402,0.0,0.13341307615761444,0.0,-0.1671004027663947,0.0
shared_baselines,random,profit,none,1,-1.4413693314650797,0.0,-0.1623657306347127,0.0,-0.3688275832600524,0.0
profit_none,double_dqn,profit,none,5,0.22571200917838588,0.2767861920158476,0.02715324112046962,0.03254116008942697,-0.13225617733124356,0.00812670532174195
profit_sparse,double_dqn,profit,sparse,5,0.13993421196987627,0.6070277321861862,0.03410598157110134,0.06548644058553797,-0.16915948499960726,0.023366306812145816
profit_decay,double_dqn,profit,decay,5,0.17190604618559444,0.5982719051405465,0.03373486080035652,0.05797436881468851,-0.12732162345437745,0.03150202524932422
sharpe_none,double_dqn,sharpe,none,5,0.45549305703652176,0.6663677371112382,0.07141294106610482,0.08811166055471438,-0.16552093508746374,0.039307327657793566
sharpe_sparse,double_dqn,sharpe,sparse,5,0.5327505141588864,0.319032301969819,0.07513115745793471,0.05103283360181844,-0.15651724437020556,0.019808263240656498
sharpe_decay,double_dqn,sharpe,decay,5,0.5163764315459438,0.19918634595645154,0.06073635545847837,0.028216941586179448,-0.14417198094568112,0.02505485697925694
