{
  "fit_split": "train",
  "feature_columns": [
    "return_1",
    "log_return_1",
    "momentum_14",
    "volatility_14",
    "rsi_14",
    "day_of_week_sin",
    "day_of_week_cos",
    "day_of_year_sin",
    "day_of_year_cos",
    "volume_change_1",
    "news_count",
    "mean_ticker_sentiment",
    "mean_ticker_relevance",
    "sentiment_std",
    "days_since_last_news",
    "sentiment_mean_3",
    "sentiment_mean_7",
    "sentiment_diff_1",
    "sentiment_window_spread_3_7"
  ],
  "means": {
    "return_1": 0.0012117668339840055,
    "log_return_1": 0.0010369044816516595,
    "momentum_14": 0.01688514151293808,
    "volatility_14": 0.01628094799931086,
    "rsi_14": 56.82509295211194,
    "day_of_week_sin": 0.3607787182376709,
    "day_of_week_cos": -0.09155864735955731,
    "day_of_year_sin": -0.00561651146202242,
    "day_of_year_cos": -0.01761506095077155,
    "volume_change_1": 0.05597431499332202,
    "news_count": 0.8637274549098196,
    "mean_ticker_sentiment": 0.11230189707365623,
    "mean_ticker_relevance": 0.5525082992504273,
    "sentiment_std": 0.05330474843491925,
    "days_since_last_news": 1.8817635270541082,
    "sentiment_mean_3": 0.11226737172666607,
    "sentiment_mean_7": 0.11193340185537194,
    "sentiment_diff_1": -2.985192607435917e-05,
    "sentiment_window_spread_3_7": 0.0003339698712941423
  },
  "stds": {
    "return_1": 0.018659566489035946,
    "log_return_1": 0.018678483600551122,
    "momentum_14": 0.06594345969903094,
    "volatility_14": 0.009320195642993747,
    "rsi_14": 17.873384858879778,
    "day_of_week_sin": 0.5149620608128266,
    "day_of_week_cos": 0.7721850856393682,
    "day_of_year_sin": 0.7139738997275735,
    "day_of_year_cos": 0.699928164124361,
    "volume_change_1": 0.37755371799857984,
    "news_count": 1.2918221793086087,
    "mean_ticker_sentiment": 0.16048708792242689,
    "mean_ticker_relevance": 0.258748182267294,
    "sentiment_std": 0.10269409304954769,
    "days_since_last_news": 2.5791507905626556,
    "sentiment_mean_3": 0.11750003347328615,
    "sentiment_mean_7": 0.08581040884980863,
    "sentiment_diff_1": 0.17703046835955283,
    "sentiment_window_spread_3_7": 0.08126664160224657
  }
}