{
  "fit_split": "train",
  "feature_columns": [
    "return_1",
    "log_return_1",
    "momentum_14",
    "volatility_14",
    "rsi_14",
    "day_of_week_sin",
    "day_of_week_cos",
    "day_of_year_sin",
    "day_of_year_cos",
    "volume_change_1",
    "news_count",
    "mean_ticker_sentiment",
    "mean_ticker_relevance",
    "sentiment_std",
    "days_since_last_news",
    "sentiment_mean_3",
    "sentiment_mean_7",
    "sentiment_diff_1",
    "sentiment_window_spread_3_7"
  ],
  "means": {
    "return_1": 0.0018008833242668663,
    "log_return_1": 0.001455363797455454,
    "momentum_14": 0.027034948737521564,
    "volatility_14": 0.02447240153918674,
    "rsi_14": 55.02763860744725,
    "day_of_week_sin": 0.3607787182376709,
    "day_of_week_cos": -0.09155864735955731,
    "day_of_year_sin": -0.00561651146202242,
    "day_of_year_cos": -0.01761506095077155,
    "volume_change_1": 0.08215795660257894,
    "news_count": 0.3907815631262525,
    "mean_ticker_sentiment": 0.07900117156955894,
    "mean_ticker_relevance": 0.4147774405509968,
    "sentiment_std": 0.021440290453349657,
    "days_since_last_news": 5.027388109552438,
    "sentiment_mean_3": 0.07895443887435663,
    "sentiment_mean_7": 0.0788314569006276,
    "sentiment_diff_1": 4.2690925866377685e-05,
    "sentiment_window_spread_3_7": 0.000122981973729029
  },
  "stds": {
    "return_1": 0.026357151751697245,
    "log_return_1": 0.026195392569288968,
    "momentum_14": 0.09854264297130769,
    "volatility_14": 0.010950752257365788,
    "rsi_14": 16.75595358313114,
    "day_of_week_sin": 0.5149620608128266,
    "day_of_week_cos": 0.7721850856393682,
    "day_of_year_sin": 0.7139738997275735,
    "day_of_year_cos": 0.699928164124361,
    "volume_change_1": 0.4958590920636417,
    "news_count": 0.8034631061681519,
    "mean_ticker_sentiment": 0.15472066491082972,
    "mean_ticker_relevance": 0.3107013952298565,
    "sentiment_std": 0.06669380287084037,
    "days_since_last_news": 6.570712791738956,
    "sentiment_mean_3": 0.12173782194825077,
    "sentiment_mean_7": 0.09288435755495904,
    "sentiment_diff_1": 0.1526691679062684,
    "sentiment_window_spread_3_7": 0.08143403228538147
  }
}