seed,run_name,reward_mode,sentiment_variant,differential_sharpe_eta,differential_sharpe_warmup_steps,differential_sharpe_min_variance,dataset,strategy,cumulative_return,annualized_return,annualized_volatility,sharpe_ratio,max_drawdown
43,profit_decay_seed43,profit,decay,0.005,20,1e-06,train,double_dqn,47.153820148359316,1.126910722083954,0.4554899295783413,2.474062869243156,-0.4280944933176446
43,profit_decay_seed43,profit,decay,0.005,20,1e-06,validation,double_dqn,0.4716436614672881,0.2732624495936342,0.4934683021879449,0.5537588703915537,-0.6504486442891062
43,profit_decay_seed43,profit,decay,0.005,20,1e-06,test,double_dqn,0.9580104569607517,0.5832615678701345,0.4929377050995463,1.1832358568560863,-0.4382990339018189
