comparison_group,strategy,reward_mode,sentiment_variant,seed_count,test_sharpe_ratio_mean,test_sharpe_ratio_std,test_annualized_return_mean,test_annualized_return_std,test_max_drawdown_mean,test_max_drawdown_std
shared_baselines,buy_and_hold,profit,none,1,-0.08763753803284127,0.0,-0.020952451462170285,0.0,-0.29073736597504296,0.0
shared_baselines,random,profit,none,1,-0.46957685200612054,0.0,-0.08289668273018969,0.0,-0.2535413349855967,0.0
profit_none,double_dqn,profit,none,5,-0.8057210783391009,0.1907723504646739,-0.14447924041848278,0.043650464358397145,-0.33142353633993127,0.06080634573513625
profit_sparse,double_dqn,profit,sparse,5,-0.07736248103404571,0.46483915066967646,-0.023772245301766783,0.09168991467583859,-0.27562221677682014,0.09010939602409629
profit_decay,double_dqn,profit,decay,5,0.0994787557849822,0.5448783943124904,0.01233804849886384,0.0846029903890465,-0.23443964354832528,0.07821526512720502
sharpe_none,double_dqn,sharpe,none,5,-0.4500342130764265,0.26836044768821876,-0.08880790764114008,0.046751635215931876,-0.31578694458018663,0.05067380755657851
sharpe_sparse,double_dqn,sharpe,sparse,5,0.032178786837843934,0.6413022389782446,0.002947281890030906,0.1008337095456446,-0.2093553294476827,0.09202502080984709
sharpe_decay,double_dqn,sharpe,decay,5,0.18938029336764595,0.31326113227779895,0.031785436978408965,0.0497717210445064,-0.18946240238877904,0.03578527077136191
