comparison_group,strategy,reward_mode,sentiment_variant,seed_count,test_sharpe_ratio_mean,test_sharpe_ratio_std,test_annualized_return_mean,test_annualized_return_std,test_max_drawdown_mean,test_max_drawdown_std
shared_baselines,buy_and_hold,profit,none,1,3.330740980306533,0.0,2.078682677124629,0.0,-0.40611458429565517,0.0
shared_baselines,random,profit,none,1,3.5634330010158846,0.0,1.6042741966969598,0.0,-0.2764406007502329,0.0
profit_none,double_dqn,profit,none,5,2.294988075970714,0.7371492494769976,1.235659056436335,0.5233001921646117,-0.4206777211950811,0.029126273798851965
profit_sparse,double_dqn,profit,sparse,5,1.3519795433289292,0.7582112681667958,0.603535785903152,0.35754743931922767,-0.31704127077119637,0.08955929513675867
profit_decay,double_dqn,profit,decay,5,1.7104670368605326,1.226111112689495,0.969656127528529,0.7436819122848798,-0.3795670428394439,0.07111764465284992
sharpe_none,double_dqn,sharpe,none,5,3.177328009544474,0.5893253989803906,1.7908240174486267,0.3482150682185549,-0.42511475883117844,0.05666894048621451
sharpe_sparse,double_dqn,sharpe,sparse,5,1.2106489710643475,0.44069037547547335,0.5286380967860536,0.2992902530463977,-0.2640124618910501,0.1274225801134712
sharpe_decay,double_dqn,sharpe,decay,5,2.4086828549787542,1.1858087594357083,1.1862136669167687,0.5554131012891481,-0.34769487279855243,0.08963260765724951
