{
  "fit_split": "train",
  "feature_columns": [
    "return_1",
    "log_return_1",
    "momentum_14",
    "volatility_14",
    "rsi_14",
    "day_of_week_sin",
    "day_of_week_cos",
    "day_of_year_sin",
    "day_of_year_cos",
    "volume_change_1"
  ],
  "means": {
    "return_1": 0.0017601246809049816,
    "log_return_1": 0.001570431718123016,
    "momentum_14": 0.024819905074332415,
    "volatility_14": 0.017258799608239776,
    "rsi_14": 57.786761567413805,
    "day_of_week_sin": 0.3607787182376709,
    "day_of_week_cos": -0.09155864735955731,
    "day_of_year_sin": -0.00561651146202242,
    "day_of_year_cos": -0.01761506095077155,
    "volume_change_1": 0.06126805398679704
  },
  "stds": {
    "return_1": 0.01951091630228617,
    "log_return_1": 0.019363826643423475,
    "momentum_14": 0.0685234060515346,
    "volatility_14": 0.00942680542701767,
    "rsi_14": 15.995190430329432,
    "day_of_week_sin": 0.5149620608128266,
    "day_of_week_cos": 0.7721850856393682,
    "day_of_year_sin": 0.7139738997275735,
    "day_of_year_cos": 0.699928164124361,
    "volume_change_1": 0.42115902086862916
  }
}