seed,run_name,reward_mode,sentiment_variant,differential_sharpe_eta,differential_sharpe_warmup_steps,differential_sharpe_min_variance,dataset,strategy,cumulative_return,annualized_return,annualized_volatility,sharpe_ratio,max_drawdown
46,profit_none_seed46,profit,none,0.005,20,1e-06,train,double_dqn,17270.647600152268,4.585500150048026,0.40098441443521354,11.435606933767493,-0.1565629742271778
46,profit_none_seed46,profit,none,0.005,20,1e-06,validation,double_dqn,0.5962335517805621,0.27504594400499993,0.44215358204807215,0.6220597438812475,-0.6564484884212883
46,profit_none_seed46,profit,none,0.005,20,1e-06,test,double_dqn,-0.22951644057796927,-0.026787331023211403,0.4594555298362945,-0.0583023367522768,-0.5682970419196431
