seed,run_name,reward_mode,sentiment_variant,differential_sharpe_eta,differential_sharpe_warmup_steps,differential_sharpe_min_variance,dataset,strategy,cumulative_return,annualized_return,annualized_volatility,sharpe_ratio,max_drawdown
42,profit_decay_seed42,profit,decay,0.005,20,1e-06,train,double_dqn,1.8108450250111172,0.2266563574248861,0.24639552933657533,0.9198882708430737,-0.3632241742405631
42,profit_decay_seed42,profit,decay,0.005,20,1e-06,validation,double_dqn,0.2320043110437533,0.09527326308434225,0.22742265381213464,0.4189260018179365,-0.3426078438323692
42,profit_decay_seed42,profit,decay,0.005,20,1e-06,test,double_dqn,0.4400491090497638,0.2314614585305237,0.2218380209385853,1.0433804699087295,-0.11979688605400318
