seed,run_name,reward_mode,sentiment_variant,differential_sharpe_eta,differential_sharpe_warmup_steps,differential_sharpe_min_variance,dataset,strategy,cumulative_return,annualized_return,annualized_volatility,sharpe_ratio,max_drawdown
42,profit_decay_seed42,profit,decay,0.005,20,1e-06,train,double_dqn,13835.33869964728,4.388056683175,0.4047118193215642,10.842422864078662,-0.1490760792949316
42,profit_decay_seed42,profit,decay,0.005,20,1e-06,validation,double_dqn,1.5844778672741766,0.41796648489234633,0.32651445850631644,1.2800856868770507,-0.23645203099854495
42,profit_decay_seed42,profit,decay,0.005,20,1e-06,test,double_dqn,0.762860976497024,0.4021058388388563,0.32417783702109926,1.2403865808157795,-0.3324614775128334
