seed,run_name,reward_mode,sentiment_variant,differential_sharpe_eta,differential_sharpe_warmup_steps,differential_sharpe_min_variance,dataset,strategy,cumulative_return,annualized_return,annualized_volatility,sharpe_ratio,max_drawdown
42,profit_decay_seed42,profit,decay,0.005,20,1e-06,train,double_dqn,23.1330521863895,0.8740522267684827,0.4309069197999278,2.028401463532564,-0.47076616062266086
42,profit_decay_seed42,profit,decay,0.005,20,1e-06,validation,double_dqn,0.1322319769051985,0.16675916096632948,0.48218414399346,0.34584123730246774,-0.7432615998197186
42,profit_decay_seed42,profit,decay,0.005,20,1e-06,test,double_dqn,1.4483995138001253,0.8421913217063428,0.5693774835207918,1.4791440583469944,-0.3780077511443951
