{
  "feature_columns": [
    "return_1",
    "log_return_1",
    "momentum_14",
    "volatility_14",
    "rsi_14",
    "volume_change_1",
    "news_count",
    "mean_overall_sentiment",
    "mean_ticker_sentiment",
    "mean_ticker_relevance",
    "weighted_ticker_sentiment",
    "sentiment_std",
    "days_since_last_news"
  ],
  "means": {
    "return_1": 0.002518236738659134,
    "log_return_1": 0.001911957845771301,
    "momentum_14": 0.03604927669073348,
    "volatility_14": 0.030710112109707716,
    "rsi_14": 54.05099887727473,
    "volume_change_1": 0.09240925207460492,
    "news_count": 0.46158984635938544,
    "mean_overall_sentiment": 0.07228840889165455,
    "mean_ticker_sentiment": 0.06042660944494841,
    "mean_ticker_relevance": 0.44165506539711435,
    "weighted_ticker_sentiment": 0.06097563494711447,
    "sentiment_std": 0.03268288906168941,
    "days_since_last_news": 4.709418837675351
  },
  "stds": {
    "return_1": 0.034811095849067684,
    "log_return_1": 0.034761185909398064,
    "momentum_14": 0.14533086667453074,
    "volatility_14": 0.016029219166319063,
    "rsi_14": 18.199791987030537,
    "volume_change_1": 0.5454980926790604,
    "news_count": 0.850180308655107,
    "mean_overall_sentiment": 0.1558064698284201,
    "mean_ticker_sentiment": 0.16738106762590946,
    "mean_ticker_relevance": 0.3176279507508419,
    "weighted_ticker_sentiment": 0.16881327235232124,
    "sentiment_std": 0.0986504966891569,
    "days_since_last_news": 7.310217280146907
  }
}