comparison_group,strategy,reward_mode,sentiment_variant,seed_count,test_sharpe_ratio_mean,test_sharpe_ratio_std,test_annualized_return_mean,test_annualized_return_std,test_max_drawdown_mean,test_max_drawdown_std
shared_baselines,buy_and_hold,profit,none,1,0.4649022298506672,0.0,0.16360436584900095,0.0,-0.3420934544563652,0.0
shared_baselines,random,profit,none,1,0.7525081742402001,0.0,0.18263292487967342,0.0,-0.17561561647757373,0.0
profit_none,double_dqn,profit,none,5,0.2591020007903756,0.17244995705245267,0.07201009948463663,0.04956358691551407,-0.2628634882987771,0.060966372025850035
profit_sparse,double_dqn,profit,sparse,5,0.11073234903397347,0.09103120984525837,0.031367776153268315,0.028783192046383833,-0.2340483306711018,0.04428496959440851
profit_decay,double_dqn,profit,decay,5,0.30734539621172924,0.3626406193646572,0.07813144662724054,0.09690159469789418,-0.25408178089758365,0.0703553236051369
sharpe_none,double_dqn,sharpe,none,5,0.31186942424697633,0.40920643825420117,0.09711106678285511,0.12589394901767045,-0.3185128039912148,0.04486661311040996
sharpe_sparse,double_dqn,sharpe,sparse,5,0.09717226359264616,0.6338180232300791,0.04678331273037879,0.17171619158498236,-0.2701886137278426,0.055361042346395155
sharpe_decay,double_dqn,sharpe,decay,5,-0.3888662876749597,0.840277095556485,-0.027276415123192076,0.13058804548391328,-0.34864346436475724,0.039430344448274784
