seed,run_name,reward_mode,sentiment_variant,differential_sharpe_eta,differential_sharpe_warmup_steps,differential_sharpe_min_variance,dataset,strategy,cumulative_return,annualized_return,annualized_volatility,sharpe_ratio,max_drawdown
42,profit_none_seed42,profit,none,0.005,20,1e-06,train,double_dqn,159.047993709749,1.401896222086771,0.20901842514552207,6.707046142514698,-0.06791499916512067
42,profit_none_seed42,profit,none,0.005,20,1e-06,validation,double_dqn,0.3278626916736851,0.189699463433894,0.2510579338211741,0.7556003530604013,-0.15363101333508777
42,profit_none_seed42,profit,none,0.005,20,1e-06,test,double_dqn,0.10959698925796513,0.0682257551468104,0.16410744418324438,0.41573833220282613,-0.23252215638662654
