seed,run_name,reward_mode,sentiment_variant,differential_sharpe_eta,differential_sharpe_warmup_steps,differential_sharpe_min_variance,dataset,strategy,cumulative_return,annualized_return,annualized_volatility,sharpe_ratio,max_drawdown
42,profit_none_seed42,profit,none,0.005,20,1e-06,train,double_dqn,55.51153587022006,1.0148525793295087,0.20681461951234256,4.907064025369555,-0.11634149467694754
42,profit_none_seed42,profit,none,0.005,20,1e-06,validation,double_dqn,0.205488989040856,0.09015215909001228,0.23641336333856766,0.38133275470094874,-0.2108750630571996
42,profit_none_seed42,profit,none,0.005,20,1e-06,test,double_dqn,0.23481960545348834,0.1388077744793914,0.21715589429506596,0.6392079521027548,-0.3181381295179514
