{
  "feature_columns": [
    "return_1",
    "log_return_1",
    "momentum_14",
    "volatility_14",
    "rsi_14",
    "volume_change_1"
  ],
  "means": {
    "return_1": 0.002518236738659134,
    "log_return_1": 0.001911957845771301,
    "momentum_14": 0.03604927669073348,
    "volatility_14": 0.030710112109707716,
    "rsi_14": 54.05099887727473,
    "volume_change_1": 0.09240925207460492
  },
  "stds": {
    "return_1": 0.034811095849067684,
    "log_return_1": 0.034761185909398064,
    "momentum_14": 0.14533086667453074,
    "volatility_14": 0.016029219166319063,
    "rsi_14": 18.199791987030537,
    "volume_change_1": 0.5454980926790604
  }
}