seed,run_name,reward_mode,sentiment_variant,differential_sharpe_eta,differential_sharpe_warmup_steps,differential_sharpe_min_variance,dataset,strategy,cumulative_return,annualized_return,annualized_volatility,sharpe_ratio,max_drawdown
42,profit_none_seed42,profit,none,0.005,20,1e-06,train,double_dqn,5303.590561485705,3.5802521831823784,0.40100663595705033,8.928161935868413,-0.2011544246875343
42,profit_none_seed42,profit,none,0.005,20,1e-06,validation,double_dqn,0.22167229147074474,0.24370929660458596,0.48753458240657305,0.49988104515906484,-0.6388949910482171
42,profit_none_seed42,profit,none,0.005,20,1e-06,test,double_dqn,-0.017851804303972152,0.07504298373115348,0.40263600429393553,0.18637921827867635,-0.6103394770721855
