comparison_group,strategy,reward_mode,sentiment_variant,seed_count,test_sharpe_ratio_mean,test_sharpe_ratio_std,test_annualized_return_mean,test_annualized_return_std,test_max_drawdown_mean,test_max_drawdown_std
shared_baselines,buy_and_hold,profit,none,1,-0.812578477901024,0.0,-0.2692226881964924,0.0,-0.5806154452090965,0.0
shared_baselines,random,profit,none,1,-1.000222294330047,0.0,-0.20872617607028798,0.0,-0.4347686304395125,0.0
profit_none,double_dqn,profit,none,5,-0.9052355088034023,0.4005961385245612,-0.20130830603080924,0.07364466791300156,-0.48759937697594646,0.07777096014668658
profit_sparse,double_dqn,profit,sparse,5,-0.8453224338533035,0.20038214950355887,-0.20999952559880314,0.05848701220115449,-0.4595187276538099,0.06634214435392823
profit_decay,double_dqn,profit,decay,5,-0.8580060589313797,0.20130138956010385,-0.2262691911728485,0.04186317618994309,-0.4998126281298713,0.07075031480823193
sharpe_none,double_dqn,sharpe,none,5,-0.7664378334021233,0.08493564483810359,-0.22410832329854075,0.03719260328337464,-0.5159371715711654,0.047439390349655705
sharpe_sparse,double_dqn,sharpe,sparse,5,-0.644252529521362,0.33367520170668064,-0.16822260167530698,0.10405448441991184,-0.42749552726863504,0.11912248547695765
sharpe_decay,double_dqn,sharpe,decay,5,-0.6634268456126888,0.27666044968276743,-0.1750450297725026,0.08932177884495499,-0.47163578086050933,0.10246939829488531
