{
  "fit_split": "train",
  "feature_columns": [
    "return_1",
    "log_return_1",
    "momentum_14",
    "volatility_14",
    "rsi_14",
    "day_of_week_sin",
    "day_of_week_cos",
    "day_of_year_sin",
    "day_of_year_cos",
    "volume_change_1"
  ],
  "means": {
    "return_1": 0.00022455657772222525,
    "log_return_1": 0.000150462787751825,
    "momentum_14": 0.0029980632160875086,
    "volatility_14": 0.010107220395250192,
    "rsi_14": 53.25631953044132,
    "day_of_week_sin": 0.3607787182376709,
    "day_of_week_cos": -0.09155864735955731,
    "day_of_year_sin": -0.00561651146202242,
    "day_of_year_cos": -0.01761506095077155,
    "volume_change_1": 0.060657932651482366
  },
  "stds": {
    "return_1": 0.012130209540296952,
    "log_return_1": 0.012194912802917367,
    "momentum_14": 0.04124584627285918,
    "volatility_14": 0.006828409675617745,
    "rsi_14": 14.973135629544139,
    "day_of_week_sin": 0.5149620608128266,
    "day_of_week_cos": 0.7721850856393682,
    "day_of_year_sin": 0.7139738997275735,
    "day_of_year_cos": 0.699928164124361,
    "volume_change_1": 0.40457621419327083
  }
}