seed,run_name,reward_mode,sentiment_variant,differential_sharpe_eta,differential_sharpe_warmup_steps,differential_sharpe_min_variance,dataset,strategy,cumulative_return,annualized_return,annualized_volatility,sharpe_ratio,max_drawdown
45,sharpe_none_seed45,sharpe,none,0.005,20,1e-06,train,double_dqn,95.04642198422178,1.260056099703962,0.30814158146401105,4.089211503742245,-0.19262844220965425
45,sharpe_none_seed45,sharpe,none,0.005,20,1e-06,validation,double_dqn,0.6456933999411503,0.21695114104890156,0.2881599760434806,0.7528843666205944,-0.33516335810744924
45,sharpe_none_seed45,sharpe,none,0.005,20,1e-06,test,double_dqn,0.08437446470796028,0.06499594905194095,0.20948005614514503,0.3102727307219471,-0.25924434488375037
