comparison_group,strategy,reward_mode,sentiment_variant,seed_count,test_sharpe_ratio_mean,test_sharpe_ratio_std,test_annualized_return_mean,test_annualized_return_std,test_max_drawdown_mean,test_max_drawdown_std
shared_baselines,buy_and_hold,profit,none,1,1.460527582010599,0.0,0.7785854456147481,0.0,-0.41484002685546884,0.0
shared_baselines,random,profit,none,1,1.551810025567816,0.0,0.5813189331279343,0.0,-0.24896809470398473,0.0
profit_none,double_dqn,profit,none,5,1.163811144027944,0.7111939349045058,0.45222595835822094,0.27844437999709176,-0.3561107801263972,0.05525230315068877
profit_sparse,double_dqn,profit,sparse,5,1.4355252433150998,0.2746442938040226,0.641928861754575,0.1536018206272533,-0.32619025305184957,0.0725037539108936
profit_decay,double_dqn,profit,decay,5,0.7940777990650596,0.35820434301389,0.3447707167593995,0.16826025051509116,-0.3362556145409985,0.04246022300977468
sharpe_none,double_dqn,sharpe,none,5,0.6496638558820279,0.24894655028121057,0.2525390600739553,0.09588465217671167,-0.304996663020242,0.09142809156317115
sharpe_sparse,double_dqn,sharpe,sparse,5,0.974424719825949,0.43342493507732816,0.4384746801375215,0.2332805424107793,-0.34297203886546024,0.03307551447889321
sharpe_decay,double_dqn,sharpe,decay,5,0.7548586961183154,0.06603708295666282,0.33249173829270734,0.05038817578038284,-0.36216413899073896,0.04642650647355421
