seed,run_name,reward_mode,sentiment_variant,differential_sharpe_eta,differential_sharpe_warmup_steps,differential_sharpe_min_variance,dataset,strategy,cumulative_return,annualized_return,annualized_volatility,sharpe_ratio,max_drawdown
46,sharpe_none_seed46,sharpe,none,0.005,20,1e-06,train,double_dqn,5.251793045717604,0.39913792711259943,0.2334541739380796,1.7097056796185837,-0.17398100828948126
46,sharpe_none_seed46,sharpe,none,0.005,20,1e-06,validation,double_dqn,1.0220864000302528,0.2836268056257689,0.2448143001283043,1.1585385554566194,-0.2565289846520181
46,sharpe_none_seed46,sharpe,none,0.005,20,1e-06,test,double_dqn,-0.1845013643202269,-0.07478299651614195,0.22447368752241872,-0.33314816244854173,-0.3270117479410214
