seed,run_name,reward_mode,sentiment_variant,differential_sharpe_eta,differential_sharpe_warmup_steps,differential_sharpe_min_variance,dataset,strategy,cumulative_return,annualized_return,annualized_volatility,sharpe_ratio,max_drawdown
46,sharpe_none_seed46,sharpe,none,0.005,20,1e-06,train,double_dqn,40.38033320508729,1.0801062180392536,0.46123669863423333,2.3417612285352685,-0.4328255346397851
46,sharpe_none_seed46,sharpe,none,0.005,20,1e-06,validation,double_dqn,1.9039465586985433,0.5576598940069204,0.4717625211836581,1.1820775686202132,-0.5089984486101395
46,sharpe_none_seed46,sharpe,none,0.005,20,1e-06,test,double_dqn,0.05593253638700668,0.1721662903372012,0.5144087287321875,0.3346877312162306,-0.5122831695443719
