comparison_group,strategy,reward_mode,sentiment_variant,seed_count,test_sharpe_ratio_mean,test_sharpe_ratio_std,test_annualized_return_mean,test_annualized_return_std,test_max_drawdown_mean,test_max_drawdown_std
shared_baselines,buy_and_hold,profit,none,1,0.43885564998649934,0.0,0.13894511787066488,0.0,-0.30876638431876047,0.0
shared_baselines,random,profit,none,1,0.5367240445724133,0.0,0.11574105309992433,0.0,-0.1677345579736096,0.0
profit_none,double_dqn,profit,none,5,0.7024365768848007,0.590593315661262,0.17327564422402694,0.14114008105580914,-0.2444495722815927,0.06605654971652158
profit_sparse,double_dqn,profit,sparse,5,0.20094862387706044,0.2353308881335287,0.046960043521054096,0.06278212578479511,-0.26392135385427523,0.04625848063634447
profit_decay,double_dqn,profit,decay,5,0.5609085172444757,0.1244537116220458,0.13962237229001945,0.03591666820116802,-0.2569334938567251,0.04325916986873121
sharpe_none,double_dqn,sharpe,none,5,0.19069585551900012,0.7153441281716568,0.051041619884537884,0.17524315331029378,-0.3182692015511261,0.10664326923534334
sharpe_sparse,double_dqn,sharpe,sparse,5,0.4129561603726045,0.3830992258595159,0.09194730797249126,0.09243124658909192,-0.22961080753374877,0.0771076634436989
sharpe_decay,double_dqn,sharpe,decay,5,0.08126329661027562,0.33363617787500377,0.018436029600137793,0.07957169201318141,-0.28893684175688605,0.04488522545883538
