comparison_group,strategy,reward_mode,sentiment_variant,seed_count,test_sharpe_ratio_mean,test_sharpe_ratio_std,test_annualized_return_mean,test_annualized_return_std,test_max_drawdown_mean,test_max_drawdown_std
shared_baselines,buy_and_hold,profit,none,1,0.43885564998649934,0.0,0.13894511787066488,0.0,-0.30876638431876047,0.0
shared_baselines,random,profit,none,1,0.5367240445724133,0.0,0.11574105309992433,0.0,-0.1677345579736096,0.0
profit_none,double_dqn,profit,none,4,0.11838102009548827,0.526264928327596,0.04238243756055679,0.13183418664645308,-0.29787997223565044,0.0494252873566165
profit_sparse,double_dqn,profit,sparse,4,0.2581407373597391,0.23152184746394386,0.07028263369723214,0.06863786837814306,-0.2793651740949942,0.04817544261111234
profit_decay,double_dqn,profit,decay,4,0.1288992590318465,0.46972323612404115,0.04170952150400942,0.1287524258956732,-0.3148136229398034,0.07294580890629786
sharpe_none,double_dqn,sharpe,none,4,0.3760987607085328,0.16822768007516264,0.1045145231417251,0.05878320319281216,-0.24187932169391624,0.034110890824420086
sharpe_sparse,double_dqn,sharpe,sparse,4,0.3524961531442952,0.08614031458660897,0.06782906542408051,0.004280552402494858,-0.17531198294318356,0.06748946592505028
sharpe_decay,double_dqn,sharpe,decay,4,-0.19489351330936822,0.2631887957023694,-0.044014817476878576,0.056831827921659375,-0.25829837618765117,0.07250192916038369
