comparison_group,strategy,reward_mode,sentiment_variant,seed_count,test_sharpe_ratio_mean,test_sharpe_ratio_std,test_annualized_return_mean,test_annualized_return_std,test_max_drawdown_mean,test_max_drawdown_std
shared_baselines,buy_and_hold,profit,none,1,1.286828438510573,0.0,0.8040876395495364,0.0,-0.537656801185852,0.0
shared_baselines,random,profit,none,1,0.32702310650175664,0.0,0.14186244997026498,0.0,-0.49722805381721713,0.0
profit_none,double_dqn,profit,none,5,0.8248896825056612,0.48001450363834575,0.3562870467542434,0.20605979787509182,-0.4055536221694542,0.0962375584395378
profit_sparse,double_dqn,profit,sparse,5,0.41629928265509814,0.25688255658151904,0.18627764722529583,0.11347008433586893,-0.48150556000765354,0.09363870883117599
profit_decay,double_dqn,profit,decay,5,0.991657577428944,0.41109883938567376,0.49090277295190676,0.21863935402104206,-0.45102085456789726,0.06927556623131412
sharpe_none,double_dqn,sharpe,none,5,0.807509494435082,0.3909576323500182,0.4232100543346136,0.21454318500699582,-0.48599771734646424,0.06714245644368737
sharpe_sparse,double_dqn,sharpe,sparse,5,0.8211036293917623,0.24616268980410272,0.38679421771568157,0.0740957859600516,-0.4196297259671309,0.09870274032704807
sharpe_decay,double_dqn,sharpe,decay,5,0.7614711641734729,0.4366628181645599,0.350401659384293,0.19634703558186523,-0.4380873696776611,0.04127253166169504
