seed,run_name,reward_mode,sentiment_variant,differential_sharpe_eta,differential_sharpe_warmup_steps,differential_sharpe_min_variance,dataset,strategy,cumulative_return,annualized_return,annualized_volatility,sharpe_ratio,max_drawdown
44,profit_none_seed44,profit,none,0.005,20,1e-06,train,double_dqn,28642.56453298859,5.07049066004686,0.3968140077885816,12.778003196773147,-0.16291184104736023
44,profit_none_seed44,profit,none,0.005,20,1e-06,validation,double_dqn,0.33814078924796287,0.18695722145880134,0.40293039436948486,0.4639938412969726,-0.4077245583818272
44,profit_none_seed44,profit,none,0.005,20,1e-06,test,double_dqn,0.5980617821669536,0.422488327961138,0.4858881298495073,0.8695176976066364,-0.44576620588330595
