{
  "fit_split": "train",
  "feature_columns": [
    "return_1",
    "log_return_1",
    "momentum_14",
    "volatility_14",
    "rsi_14",
    "day_of_week_sin",
    "day_of_week_cos",
    "day_of_year_sin",
    "day_of_year_cos",
    "volume_change_1"
  ],
  "means": {
    "return_1": 0.0011910920492118906,
    "log_return_1": 0.0010365114993717143,
    "momentum_14": 0.015913030962616315,
    "volatility_14": 0.015084247922035368,
    "rsi_14": 56.854884028054826,
    "day_of_week_sin": 0.3607787182376709,
    "day_of_week_cos": -0.09155864735955731,
    "day_of_year_sin": -0.00561651146202242,
    "day_of_year_cos": -0.01761506095077155,
    "volume_change_1": 0.054386404626236895
  },
  "stds": {
    "return_1": 0.01755733915644837,
    "log_return_1": 0.01755131448362136,
    "momentum_14": 0.050014298807186094,
    "volatility_14": 0.009584638378207581,
    "rsi_14": 14.825760899198444,
    "day_of_week_sin": 0.5149620608128266,
    "day_of_week_cos": 0.7721850856393682,
    "day_of_year_sin": 0.7139738997275735,
    "day_of_year_cos": 0.699928164124361,
    "volume_change_1": 0.39157737299258405
  }
}