{
  "fit_split": "train",
  "feature_columns": [
    "return_1",
    "log_return_1",
    "momentum_14",
    "volatility_14",
    "rsi_14",
    "day_of_week_sin",
    "day_of_week_cos",
    "day_of_year_sin",
    "day_of_year_cos",
    "volume_change_1"
  ],
  "means": {
    "return_1": 0.0018008833242668663,
    "log_return_1": 0.001455363797455454,
    "momentum_14": 0.027034948737521564,
    "volatility_14": 0.02447240153918674,
    "rsi_14": 55.02763860744725,
    "day_of_week_sin": 0.3607787182376709,
    "day_of_week_cos": -0.09155864735955731,
    "day_of_year_sin": -0.00561651146202242,
    "day_of_year_cos": -0.01761506095077155,
    "volume_change_1": 0.08215795660257894
  },
  "stds": {
    "return_1": 0.026357151751697245,
    "log_return_1": 0.026195392569288968,
    "momentum_14": 0.09854264297130769,
    "volatility_14": 0.010950752257365788,
    "rsi_14": 16.75595358313114,
    "day_of_week_sin": 0.5149620608128266,
    "day_of_week_cos": 0.7721850856393682,
    "day_of_year_sin": 0.7139738997275735,
    "day_of_year_cos": 0.699928164124361,
    "volume_change_1": 0.4958590920636417
  }
}