seed,run_name,reward_mode,sentiment_variant,differential_sharpe_eta,differential_sharpe_warmup_steps,differential_sharpe_min_variance,dataset,strategy,cumulative_return,annualized_return,annualized_volatility,sharpe_ratio,max_drawdown
44,sharpe_none_seed44,sharpe,none,0.005,20,1e-06,train,double_dqn,8.917638738884172,0.6441733807857382,0.47166348668895347,1.3657478243817276,-0.6481196676952429
44,sharpe_none_seed44,sharpe,none,0.005,20,1e-06,validation,double_dqn,1.0377292339355235,0.4186068617880878,0.5060843082147946,0.8271484711010262,-0.45160417696896316
44,sharpe_none_seed44,sharpe,none,0.005,20,1e-06,test,double_dqn,0.5321805166949598,0.44282635501956147,0.5561543234179914,0.7962292773308973,-0.5891341095996889
