comparison_group,strategy,reward_mode,sentiment_variant,seed_count,test_sharpe_ratio_mean,test_sharpe_ratio_std,test_annualized_return_mean,test_annualized_return_std,test_max_drawdown_mean,test_max_drawdown_std
shared_baselines,buy_and_hold,profit,none,1,0.4277883230144299,0.0,0.2651224882196088,0.0,-0.5927673186354385,0.0
shared_baselines,random,profit,none,1,-0.2142974802719792,0.0,-0.09691304457066863,0.0,-0.6892597133697669,0.0
profit_none,double_dqn,profit,none,5,-0.12285070363126568,0.34480148348973233,-0.0426192726069198,0.14506017114119796,-0.5726293832084288,0.0934860568933708
profit_sparse,double_dqn,profit,sparse,5,0.22165744435408435,0.5066684984379145,0.08619748513133133,0.2226027873689614,-0.37782348419561174,0.18840623663666953
profit_decay,double_dqn,profit,decay,5,0.01948312168219255,0.3921522150331647,0.0031704031137722135,0.17684410614554563,-0.483972306083868,0.08730603788251083
sharpe_none,double_dqn,sharpe,none,5,0.685257059524904,0.2443006717196202,0.30663019176629536,0.1054195508802871,-0.4682298791184465,0.03608568894439211
sharpe_sparse,double_dqn,sharpe,sparse,5,0.28881364577712487,0.2980751483662957,0.11819933079246239,0.12606392115980022,-0.5205732595502092,0.13529737144865067
sharpe_decay,double_dqn,sharpe,decay,5,0.6358058258419723,0.1803695501655456,0.23616121325203698,0.10588751761122095,-0.3342101427803701,0.06853698638016475
