{
  "fit_split": "train",
  "feature_columns": [
    "return_1",
    "log_return_1",
    "momentum_14",
    "volatility_14",
    "rsi_14",
    "day_of_week_sin",
    "day_of_week_cos",
    "day_of_year_sin",
    "day_of_year_cos",
    "volume_change_1",
    "news_count",
    "mean_ticker_sentiment",
    "mean_ticker_relevance",
    "sentiment_std",
    "days_since_last_news",
    "sentiment_mean_3",
    "sentiment_mean_7",
    "sentiment_diff_1",
    "sentiment_window_spread_3_7"
  ],
  "means": {
    "return_1": 0.0012155735030777528,
    "log_return_1": 0.0009525805201509867,
    "momentum_14": 0.01634490837170109,
    "volatility_14": 0.0202176640075554,
    "rsi_14": 54.062982071430746,
    "day_of_week_sin": 0.3607787182376709,
    "day_of_week_cos": -0.09155864735955731,
    "day_of_year_sin": -0.00561651146202242,
    "day_of_year_cos": -0.01761506095077155,
    "volume_change_1": 0.08590557700535166,
    "news_count": 0.16032064128256512,
    "mean_ticker_sentiment": 0.051384523639006044,
    "mean_ticker_relevance": 0.22617603858329566,
    "sentiment_std": 0.006350414879561642,
    "days_since_last_news": 11.744822979291918,
    "sentiment_mean_3": 0.05137049112552253,
    "sentiment_mean_7": 0.051303463841314983,
    "sentiment_diff_1": 1.2818883872504877e-05,
    "sentiment_window_spread_3_7": 6.702728420755131e-05
  },
  "stds": {
    "return_1": 0.022838446571296068,
    "log_return_1": 0.02296083635716175,
    "momentum_14": 0.07592383668334685,
    "volatility_14": 0.011079513131911382,
    "rsi_14": 15.954710656445895,
    "day_of_week_sin": 0.5149620608128266,
    "day_of_week_cos": 0.7721850856393682,
    "day_of_year_sin": 0.7139738997275735,
    "day_of_year_cos": 0.699928164124361,
    "volume_change_1": 0.5411555790723789,
    "news_count": 0.4619981044967321,
    "mean_ticker_sentiment": 0.12307502616698604,
    "mean_ticker_relevance": 0.2723359486388277,
    "sentiment_std": 0.03469847065252639,
    "days_since_last_news": 13.786193571290681,
    "sentiment_mean_3": 0.10360915211445777,
    "sentiment_mean_7": 0.08372605774033837,
    "sentiment_diff_1": 0.10556109237800096,
    "sentiment_window_spread_3_7": 0.06344747372846632
  }
}