{
  "fit_split": "train",
  "feature_columns": [
    "return_1",
    "log_return_1",
    "momentum_14",
    "volatility_14",
    "rsi_14",
    "day_of_week_sin",
    "day_of_week_cos",
    "day_of_year_sin",
    "day_of_year_cos",
    "volume_change_1",
    "news_count",
    "mean_ticker_sentiment",
    "mean_ticker_relevance",
    "sentiment_std",
    "sentiment_mean_3",
    "sentiment_mean_7",
    "sentiment_diff_1",
    "sentiment_window_spread_3_7"
  ],
  "means": {
    "return_1": 0.0012117668339840055,
    "log_return_1": 0.0010369044816516595,
    "momentum_14": 0.01688514151293808,
    "volatility_14": 0.01628094799931086,
    "rsi_14": 56.82509295211194,
    "day_of_week_sin": 0.3607787182376709,
    "day_of_week_cos": -0.09155864735955731,
    "day_of_year_sin": -0.00561651146202242,
    "day_of_year_cos": -0.01761506095077155,
    "volume_change_1": 0.05597431499332202,
    "news_count": 0.8637274549098196,
    "mean_ticker_sentiment": 0.07361646122955756,
    "mean_ticker_relevance": 0.3626629693318705,
    "sentiment_std": 0.03710908861492623,
    "sentiment_mean_3": 0.07358193588256721,
    "sentiment_mean_7": 0.07336996787777461,
    "sentiment_diff_1": -2.985192607437148e-05,
    "sentiment_window_spread_3_7": 0.00021196800479259724
  },
  "stds": {
    "return_1": 0.018659566489035946,
    "log_return_1": 0.018678483600551122,
    "momentum_14": 0.06594345969903094,
    "volatility_14": 0.009320195642993747,
    "rsi_14": 17.873384858879778,
    "day_of_week_sin": 0.5149620608128266,
    "day_of_week_cos": 0.7721850856393682,
    "day_of_year_sin": 0.7139738997275735,
    "day_of_year_cos": 0.699928164124361,
    "volume_change_1": 0.37755371799857984,
    "news_count": 1.2918221793086087,
    "mean_ticker_sentiment": 0.15456805179073618,
    "mean_ticker_relevance": 0.3919767907619685,
    "sentiment_std": 0.09521315591289062,
    "sentiment_mean_3": 0.09289957849766682,
    "sentiment_mean_7": 0.06259744401945681,
    "sentiment_diff_1": 0.2126809223622138,
    "sentiment_window_spread_3_7": 0.06849998616466335
  }
}