{
  "fit_split": "train",
  "feature_columns": [
    "return_1",
    "log_return_1",
    "momentum_14",
    "volatility_14",
    "rsi_14",
    "day_of_week_sin",
    "day_of_week_cos",
    "day_of_year_sin",
    "day_of_year_cos",
    "volume_change_1",
    "news_count",
    "mean_ticker_sentiment",
    "mean_ticker_relevance",
    "sentiment_std",
    "sentiment_mean_3",
    "sentiment_mean_7",
    "sentiment_diff_1",
    "sentiment_window_spread_3_7"
  ],
  "means": {
    "return_1": 0.0009320505808149244,
    "log_return_1": 0.0007897942254929209,
    "momentum_14": 0.013071179303198021,
    "volatility_14": 0.01493103298454126,
    "rsi_14": 55.66539605232279,
    "day_of_week_sin": 0.3607787182376709,
    "day_of_week_cos": -0.09155864735955731,
    "day_of_year_sin": -0.00561651146202242,
    "day_of_year_cos": -0.01761506095077155,
    "volume_change_1": 0.061659340049185156,
    "news_count": 0.5604542418169672,
    "mean_ticker_sentiment": 0.0552130564907593,
    "mean_ticker_relevance": 0.2678649350836594,
    "sentiment_std": 0.01972151378554205,
    "sentiment_mean_3": 0.055213056490759256,
    "sentiment_mean_7": 0.055216558949645306,
    "sentiment_diff_1": 9.084991350473058e-19,
    "sentiment_window_spread_3_7": -3.5024588860626475e-06
  },
  "stds": {
    "return_1": 0.01688388655958237,
    "log_return_1": 0.016833044071122266,
    "momentum_14": 0.05504459235902486,
    "volatility_14": 0.00827095702600897,
    "rsi_14": 15.855909258475622,
    "day_of_week_sin": 0.5149620608128266,
    "day_of_week_cos": 0.7721850856393682,
    "day_of_year_sin": 0.7139738997275735,
    "day_of_year_cos": 0.699928164124361,
    "volume_change_1": 0.40239214590029687,
    "news_count": 0.9030412843272682,
    "mean_ticker_sentiment": 0.13162703919490706,
    "mean_ticker_relevance": 0.34911156907233093,
    "sentiment_std": 0.07026219675907253,
    "sentiment_mean_3": 0.07679605636549997,
    "sentiment_mean_7": 0.05024629019029902,
    "sentiment_diff_1": 0.1832931673574707,
    "sentiment_window_spread_3_7": 0.05732275376261069
  }
}