{
  "fit_split": "train",
  "feature_columns": [
    "return_1",
    "log_return_1",
    "momentum_14",
    "volatility_14",
    "rsi_14",
    "day_of_week_sin",
    "day_of_week_cos",
    "day_of_year_sin",
    "day_of_year_cos",
    "volume_change_1",
    "news_count",
    "mean_ticker_sentiment",
    "mean_ticker_relevance",
    "sentiment_std",
    "sentiment_mean_3",
    "sentiment_mean_7",
    "sentiment_diff_1",
    "sentiment_window_spread_3_7"
  ],
  "means": {
    "return_1": 0.0010438990584602714,
    "log_return_1": 0.0008402445880119709,
    "momentum_14": 0.014033973878344846,
    "volatility_14": 0.017748365205372055,
    "rsi_14": 55.07523553787031,
    "day_of_week_sin": 0.3607787182376709,
    "day_of_week_cos": -0.09155864735955731,
    "day_of_year_sin": -0.00561651146202242,
    "day_of_year_cos": -0.01761506095077155,
    "volume_change_1": 0.070523301903522,
    "news_count": 0.12358049432197729,
    "mean_ticker_sentiment": 0.009477990046760188,
    "mean_ticker_relevance": 0.07711049769539079,
    "sentiment_std": 0.0017040943310540002,
    "sentiment_mean_3": 0.009477990046760183,
    "sentiment_mean_7": 0.00961143293253172,
    "sentiment_diff_1": 1.8540798674434813e-20,
    "sentiment_window_spread_3_7": -0.00013344288577154213
  },
  "stds": {
    "return_1": 0.02009924822013005,
    "log_return_1": 0.020203273973285887,
    "momentum_14": 0.06417810963632027,
    "volatility_14": 0.00988433319547694,
    "rsi_14": 15.422994269836094,
    "day_of_week_sin": 0.5149620608128266,
    "day_of_week_cos": 0.7721850856393682,
    "day_of_year_sin": 0.7139738997275735,
    "day_of_year_cos": 0.699928164124361,
    "volume_change_1": 0.4657508803950522,
    "news_count": 0.3886650572842857,
    "mean_ticker_sentiment": 0.0827069971253882,
    "mean_ticker_relevance": 0.22492933821092412,
    "sentiment_std": 0.020022940281833865,
    "sentiment_mean_3": 0.048215847698670156,
    "sentiment_mean_7": 0.03196123924804379,
    "sentiment_diff_1": 0.1149433721927615,
    "sentiment_window_spread_3_7": 0.03519514869855226
  }
}