seed,run_name,reward_mode,sentiment_variant,differential_sharpe_eta,differential_sharpe_warmup_steps,differential_sharpe_min_variance,dataset,strategy,cumulative_return,annualized_return,annualized_volatility,sharpe_ratio,max_drawdown
42,sharpe_sparse_seed42,sharpe,sparse,0.005,20,1e-06,train,double_dqn,9417.874766611534,3.9011602016773734,0.3185332838695402,12.247260802030183,-0.12154948419350409
42,sharpe_sparse_seed42,sharpe,sparse,0.005,20,1e-06,validation,double_dqn,0.9173895145098314,0.3149424014824478,0.3786101828951946,0.8318381694705472,-0.5534157040150651
42,sharpe_sparse_seed42,sharpe,sparse,0.005,20,1e-06,test,double_dqn,0.6397606382955503,0.43507936873986575,0.4797918375504974,0.906808608835648,-0.38147263513702345
