seed,run_name,reward_mode,sentiment_variant,differential_sharpe_eta,differential_sharpe_warmup_steps,differential_sharpe_min_variance,dataset,strategy,cumulative_return,annualized_return,annualized_volatility,sharpe_ratio,max_drawdown
42,sharpe_sparse_seed42,sharpe,sparse,0.005,20,1e-06,train,double_dqn,9.289693230740337,0.6578628918289959,0.47546637829037447,1.3836160070759602,-0.606265385382069
42,sharpe_sparse_seed42,sharpe,sparse,0.005,20,1e-06,validation,double_dqn,0.24487607647506815,0.1975028116291071,0.4750637200849445,0.41573962245273605,-0.626876971357651
42,sharpe_sparse_seed42,sharpe,sparse,0.005,20,1e-06,test,double_dqn,0.3901694659225019,0.36623050035642035,0.5436543559147217,0.6736458493746856,-0.3851067777191284
