{
  "feature_columns": [
    "return_1",
    "log_return_1",
    "momentum_14",
    "volatility_14",
    "rsi_14",
    "volume_change_1",
    "news_count",
    "mean_overall_sentiment",
    "mean_ticker_sentiment",
    "mean_ticker_relevance",
    "weighted_ticker_sentiment",
    "sentiment_std"
  ],
  "means": {
    "return_1": 0.002518236738659134,
    "log_return_1": 0.001911957845771301,
    "momentum_14": 0.03604927669073348,
    "volatility_14": 0.030710112109707716,
    "rsi_14": 54.05099887727473,
    "volume_change_1": 0.09240925207460492,
    "news_count": 0.46158984635938544,
    "mean_overall_sentiment": 0.04177849847472723,
    "mean_ticker_sentiment": 0.0373553381357954,
    "mean_ticker_relevance": 0.2490057746246461,
    "weighted_ticker_sentiment": 0.03777237402405432,
    "sentiment_std": 0.020462343369602832
  },
  "stds": {
    "return_1": 0.034811095849067684,
    "log_return_1": 0.034761185909398064,
    "momentum_14": 0.14533086667453074,
    "volatility_14": 0.016029219166319063,
    "rsi_14": 18.199791987030537,
    "volume_change_1": 0.5454980926790604,
    "news_count": 0.850180308655107,
    "mean_overall_sentiment": 0.13714253474445984,
    "mean_ticker_sentiment": 0.145395418656534,
    "mean_ticker_relevance": 0.38164673861142906,
    "weighted_ticker_sentiment": 0.14693057088453948,
    "sentiment_std": 0.0844772357978305
  }
}