seed,run_name,reward_mode,sentiment_variant,differential_sharpe_eta,differential_sharpe_warmup_steps,differential_sharpe_min_variance,dataset,strategy,cumulative_return,annualized_return,annualized_volatility,sharpe_ratio,max_drawdown
42,sharpe_sparse_seed42,sharpe,sparse,0.005,20,1e-06,train,double_dqn,10.838260810702383,0.6681252641210196,0.43691581444900923,1.5291853533925903,-0.48433847350672465
42,sharpe_sparse_seed42,sharpe,sparse,0.005,20,1e-06,validation,double_dqn,1.13153725816362,0.41564271889957394,0.47345319970125804,0.8778961028499508,-0.5408512979154201
42,sharpe_sparse_seed42,sharpe,sparse,0.005,20,1e-06,test,double_dqn,0.5295398825231332,0.4368775827633504,0.5472291042507543,0.7983449333556681,-0.5304321139348385
