seed,run_name,reward_mode,sentiment_variant,differential_sharpe_eta,differential_sharpe_warmup_steps,differential_sharpe_min_variance,dataset,strategy,cumulative_return,annualized_return,annualized_volatility,sharpe_ratio,max_drawdown
43,profit_none_seed43,profit,none,0.005,20,1e-06,train,double_dqn,1.5218312155160345,0.20527239858620727,0.24936254846676167,0.8231885655979678,-0.3850064398203442
43,profit_none_seed43,profit,none,0.005,20,1e-06,validation,double_dqn,1.2695609190478536,0.40072045083461316,0.4031878250893564,0.9938803354139069,-0.5300010699790328
43,profit_none_seed43,profit,none,0.005,20,1e-06,test,double_dqn,0.15450375408137895,0.12203099517022231,0.29352341083583605,0.4157453568106454,-0.23817414364051737
