{
  "feature_columns": [
    "return_1",
    "log_return_1",
    "momentum_14",
    "volatility_14",
    "rsi_14",
    "volume_change_1",
    "news_count",
    "mean_overall_sentiment",
    "mean_ticker_sentiment",
    "mean_ticker_relevance",
    "weighted_ticker_sentiment",
    "sentiment_std",
    "days_since_last_news"
  ],
  "means": {
    "return_1": 0.0012117668339840055,
    "log_return_1": 0.0010369044816516595,
    "momentum_14": 0.01688514151293808,
    "volatility_14": 0.01628094799931086,
    "rsi_14": 56.82509295211194,
    "volume_change_1": 0.05597431499332202,
    "news_count": 0.8637274549098196,
    "mean_overall_sentiment": 0.11106217525499514,
    "mean_ticker_sentiment": 0.11230189707365623,
    "mean_ticker_relevance": 0.5525082992504273,
    "weighted_ticker_sentiment": 0.1134047083340318,
    "sentiment_std": 0.05330474843491925,
    "days_since_last_news": 1.8817635270541082
  },
  "stds": {
    "return_1": 0.018659566489035946,
    "log_return_1": 0.018678483600551122,
    "momentum_14": 0.06594345969903094,
    "volatility_14": 0.009320195642993747,
    "rsi_14": 17.873384858879778,
    "volume_change_1": 0.37755371799857984,
    "news_count": 1.2918221793086087,
    "mean_overall_sentiment": 0.14687483470340937,
    "mean_ticker_sentiment": 0.16048708792242689,
    "mean_ticker_relevance": 0.258748182267294,
    "weighted_ticker_sentiment": 0.16305970749050297,
    "sentiment_std": 0.10269409304954769,
    "days_since_last_news": 2.5791507905626556
  }
}