seed,run_name,reward_mode,sentiment_variant,differential_sharpe_eta,differential_sharpe_warmup_steps,differential_sharpe_min_variance,dataset,strategy,cumulative_return,annualized_return,annualized_volatility,sharpe_ratio,max_drawdown
42,sharpe_decay_seed42,sharpe,decay,0.005,20,1e-06,train,double_dqn,1.8020874725986573,0.22731439578803547,0.25062679223455964,0.9069836219876035,-0.4085864798863186
42,sharpe_decay_seed42,sharpe,decay,0.005,20,1e-06,validation,double_dqn,0.5496258418082633,0.17450127691874862,0.2194520932686197,0.7951679763890465,-0.3184324472562269
42,sharpe_decay_seed42,sharpe,decay,0.005,20,1e-06,test,double_dqn,-0.058540284334278714,-0.01385335204636362,0.18165541048785322,-0.07626170896401654,-0.2776371600414843
