{
  "feature_columns": [
    "return_1",
    "log_return_1",
    "momentum_14",
    "volatility_14",
    "rsi_14",
    "volume_change_1",
    "news_count",
    "mean_overall_sentiment",
    "mean_ticker_sentiment",
    "mean_ticker_relevance",
    "weighted_ticker_sentiment",
    "sentiment_std",
    "days_since_last_news"
  ],
  "means": {
    "return_1": 0.0012117668339840055,
    "log_return_1": 0.0010369044816516595,
    "momentum_14": 0.01688514151293808,
    "volatility_14": 0.01628094799931086,
    "rsi_14": 56.82509295211194,
    "volume_change_1": 0.05597431499332202,
    "news_count": 0.8623914495657983,
    "mean_overall_sentiment": 0.11107885618860988,
    "mean_ticker_sentiment": 0.11159856941310516,
    "mean_ticker_relevance": 0.5519534134390484,
    "weighted_ticker_sentiment": 0.11270049345904615,
    "sentiment_std": 0.05318021651673696,
    "days_since_last_news": 1.8851035404141616
  },
  "stds": {
    "return_1": 0.018659566489035946,
    "log_return_1": 0.018678483600551122,
    "momentum_14": 0.06594345969903094,
    "volatility_14": 0.009320195642993747,
    "rsi_14": 17.873384858879778,
    "volume_change_1": 0.37755371799857984,
    "news_count": 1.292197601642418,
    "mean_overall_sentiment": 0.14692920195112869,
    "mean_ticker_sentiment": 0.16070722737563445,
    "mean_ticker_relevance": 0.25860084362685765,
    "weighted_ticker_sentiment": 0.1632274207491774,
    "sentiment_std": 0.10248725374290833,
    "days_since_last_news": 2.5783951304765567
  }
}