seed,run_name,reward_mode,sentiment_variant,differential_sharpe_eta,differential_sharpe_warmup_steps,differential_sharpe_min_variance,dataset,strategy,cumulative_return,annualized_return,annualized_volatility,sharpe_ratio,max_drawdown
42,sharpe_decay_seed42,sharpe,decay,0.005,20,1e-06,train,double_dqn,16.693719401246028,0.6840901552359888,0.2752642685413931,2.485212333809022,-0.23977193244427852
42,sharpe_decay_seed42,sharpe,decay,0.005,20,1e-06,validation,double_dqn,0.5259901321590532,0.2004613193998641,0.3189165261950777,0.6285698699641679,-0.32283605291430806
42,sharpe_decay_seed42,sharpe,decay,0.005,20,1e-06,test,double_dqn,0.09249298588819244,0.07668727794279784,0.24202147398801455,0.3168614614197233,-0.2419010795549642
