seed,run_name,reward_mode,sentiment_variant,differential_sharpe_eta,differential_sharpe_warmup_steps,differential_sharpe_min_variance,dataset,strategy,cumulative_return,annualized_return,annualized_volatility,sharpe_ratio,max_drawdown
42,sharpe_decay_seed42,sharpe,decay,0.005,20,1e-06,train,double_dqn,1.6355379512473327,0.23759388263834902,0.31809767545408374,0.7469211533821625,-0.32333382147286904
42,sharpe_decay_seed42,sharpe,decay,0.005,20,1e-06,validation,double_dqn,0.23603298986257326,0.12407265274284285,0.3187370358868227,0.3892633700305183,-0.4228335102132392
42,sharpe_decay_seed42,sharpe,decay,0.005,20,1e-06,test,double_dqn,0.15673797426556813,0.10583283663278809,0.23336118011807036,0.4535151758284792,-0.26736288183115353
