{
  "fit_split": "train",
  "feature_columns": [
    "return_1",
    "log_return_1",
    "momentum_14",
    "volatility_14",
    "rsi_14",
    "day_of_week_sin",
    "day_of_week_cos",
    "day_of_year_sin",
    "day_of_year_cos",
    "volume_change_1",
    "news_count",
    "mean_ticker_sentiment",
    "mean_ticker_relevance",
    "sentiment_std",
    "days_since_last_news",
    "sentiment_mean_3",
    "sentiment_mean_7",
    "sentiment_diff_1",
    "sentiment_window_spread_3_7"
  ],
  "means": {
    "return_1": 0.00022455657772222525,
    "log_return_1": 0.000150462787751825,
    "momentum_14": 0.0029980632160875086,
    "volatility_14": 0.010107220395250192,
    "rsi_14": 53.25631953044132,
    "day_of_week_sin": 0.3607787182376709,
    "day_of_week_cos": -0.09155864735955731,
    "day_of_year_sin": -0.00561651146202242,
    "day_of_year_cos": -0.01761506095077155,
    "volume_change_1": 0.060657932651482366,
    "news_count": 0.4802939211756847,
    "mean_ticker_sentiment": 0.09595216559926513,
    "mean_ticker_relevance": 0.4438297761611238,
    "sentiment_std": 0.031070820778961526,
    "days_since_last_news": 4.755511022044089,
    "sentiment_mean_3": 0.09589651108363599,
    "sentiment_mean_7": 0.09571726987608571,
    "sentiment_diff_1": 5.084112505315164e-05,
    "sentiment_window_spread_3_7": 0.00017924120755027304
  },
  "stds": {
    "return_1": 0.012130209540296952,
    "log_return_1": 0.012194912802917367,
    "momentum_14": 0.04124584627285918,
    "volatility_14": 0.006828409675617745,
    "rsi_14": 14.973135629544139,
    "day_of_week_sin": 0.5149620608128266,
    "day_of_week_cos": 0.7721850856393682,
    "day_of_year_sin": 0.7139738997275735,
    "day_of_year_cos": 0.699928164124361,
    "volume_change_1": 0.40457621419327083,
    "news_count": 0.9935223300747544,
    "mean_ticker_sentiment": 0.16192520863661244,
    "mean_ticker_relevance": 0.3239850095977935,
    "sentiment_std": 0.0832391612593841,
    "days_since_last_news": 6.482931550800416,
    "sentiment_mean_3": 0.12537912003039853,
    "sentiment_mean_7": 0.09548348355116652,
    "sentiment_diff_1": 0.16465860973692606,
    "sentiment_window_spread_3_7": 0.08293115884724629
  }
}