{
  "fit_split": "train",
  "feature_columns": [
    "return_1",
    "log_return_1",
    "momentum_14",
    "volatility_14",
    "rsi_14",
    "day_of_week_sin",
    "day_of_week_cos",
    "day_of_year_sin",
    "day_of_year_cos",
    "volume_change_1",
    "news_count",
    "mean_ticker_sentiment",
    "mean_ticker_relevance",
    "sentiment_std",
    "days_since_last_news",
    "sentiment_mean_3",
    "sentiment_mean_7",
    "sentiment_diff_1",
    "sentiment_window_spread_3_7"
  ],
  "means": {
    "return_1": 0.0010438990584602714,
    "log_return_1": 0.0008402445880119709,
    "momentum_14": 0.014033973878344846,
    "volatility_14": 0.017748365205372055,
    "rsi_14": 55.07523553787031,
    "day_of_week_sin": 0.3607787182376709,
    "day_of_week_cos": -0.09155864735955731,
    "day_of_year_sin": -0.00561651146202242,
    "day_of_year_cos": -0.01761506095077155,
    "volume_change_1": 0.070523301903522,
    "news_count": 0.12358049432197729,
    "mean_ticker_sentiment": 0.023714563230948033,
    "mean_ticker_relevance": 0.1909726417552262,
    "sentiment_std": 0.0032322822212066176,
    "days_since_last_news": 15.546426185704743,
    "sentiment_mean_3": 0.023925683286527187,
    "sentiment_mean_7": 0.02430720115652634,
    "sentiment_diff_1": -0.00019286092108754155,
    "sentiment_window_spread_3_7": -0.00038151786999914055
  },
  "stds": {
    "return_1": 0.02009924822013005,
    "log_return_1": 0.020203273973285887,
    "momentum_14": 0.06417810963632027,
    "volatility_14": 0.00988433319547694,
    "rsi_14": 15.422994269836094,
    "day_of_week_sin": 0.5149620608128266,
    "day_of_week_cos": 0.7721850856393682,
    "day_of_year_sin": 0.7139738997275735,
    "day_of_year_cos": 0.699928164124361,
    "volume_change_1": 0.4657508803950522,
    "news_count": 0.3886650572842857,
    "mean_ticker_sentiment": 0.10448279230181975,
    "mean_ticker_relevance": 0.24773006154287272,
    "sentiment_std": 0.02311336127124368,
    "days_since_last_news": 18.110789149582548,
    "sentiment_mean_3": 0.08426144505350676,
    "sentiment_mean_7": 0.06602736824524484,
    "sentiment_diff_1": 0.09683539486135828,
    "sentiment_window_spread_3_7": 0.05202561510228433
  }
}