seed,run_name,reward_mode,sentiment_variant,differential_sharpe_eta,differential_sharpe_warmup_steps,differential_sharpe_min_variance,dataset,strategy,cumulative_return,annualized_return,annualized_volatility,sharpe_ratio,max_drawdown
42,sharpe_decay_seed42,sharpe,decay,0.005,20,1e-06,train,double_dqn,169.93602455020445,1.5488948341834474,0.3776197639322271,4.101731376701547,-0.24319756407955662
42,sharpe_decay_seed42,sharpe,decay,0.005,20,1e-06,validation,double_dqn,0.36455166294677066,0.16428645177173307,0.3325319003011268,0.4940471925338959,-0.4802197246166421
42,sharpe_decay_seed42,sharpe,decay,0.005,20,1e-06,test,double_dqn,0.8217543610264577,0.4450718349330727,0.36525046225210217,1.2185387314469063,-0.29479247371014916
