seed,run_name,reward_mode,sentiment_variant,differential_sharpe_eta,differential_sharpe_warmup_steps,differential_sharpe_min_variance,dataset,strategy,cumulative_return,annualized_return,annualized_volatility,sharpe_ratio,max_drawdown
42,sharpe_decay_seed42,sharpe,decay,0.005,20,1e-06,train,double_dqn,171.1011610317633,1.5220023329048238,0.3446326047563782,4.416303947738003,-0.2730822042028166
42,sharpe_decay_seed42,sharpe,decay,0.005,20,1e-06,validation,double_dqn,1.1765378260816246,0.34056409201742044,0.3194167592012876,1.0662060840796597,-0.29932879045781413
42,sharpe_decay_seed42,sharpe,decay,0.005,20,1e-06,test,double_dqn,1.1277242567445347,0.5921111526279073,0.41682430797860887,1.4205293244517159,-0.26173689133295186
