seed,run_name,reward_mode,sentiment_variant,differential_sharpe_eta,differential_sharpe_warmup_steps,differential_sharpe_min_variance,dataset,strategy,cumulative_return,annualized_return,annualized_volatility,sharpe_ratio,max_drawdown
45,profit_none_seed45,profit,none,0.005,20,1e-06,train,double_dqn,0.7965508958600396,21.516629990845207,0.5885420251064163,36.55920745329055,-0.07488581818333828
45,profit_none_seed45,profit,none,0.005,20,1e-06,validation,double_dqn,0.2618925949351618,0.3587400240541687,0.6924033211681618,0.5181084681236569,-0.8255418336448418
45,profit_none_seed45,profit,none,0.005,20,1e-06,test,double_dqn,4.865410727852549,1.8935511497766173,0.588880169803324,3.2155118254517405,-0.40611458429565517
