seed,run_name,reward_mode,sentiment_variant,differential_sharpe_eta,differential_sharpe_warmup_steps,differential_sharpe_min_variance,dataset,strategy,cumulative_return,annualized_return,annualized_volatility,sharpe_ratio,max_drawdown
42,profit_sparse_seed42,profit,sparse,0.005,20,1e-06,train,double_dqn,226.41765818932942,1.547459819144223,0.20733421382222048,7.463600872314776,-0.12079665054599797
42,profit_sparse_seed42,profit,sparse,0.005,20,1e-06,validation,double_dqn,0.5966755683074214,0.1777035255438726,0.18704673941560357,0.9500487744350834,-0.15482222349255892
42,profit_sparse_seed42,profit,sparse,0.005,20,1e-06,test,double_dqn,-0.11405265434789669,-0.04259846789244581,0.1865691177044889,-0.22832539713200822,-0.333206857870047
