{
  "feature_columns": [
    "return_1",
    "log_return_1",
    "momentum_14",
    "volatility_14",
    "rsi_14",
    "volume_change_1",
    "news_count",
    "mean_overall_sentiment",
    "mean_ticker_sentiment",
    "mean_ticker_relevance",
    "weighted_ticker_sentiment",
    "sentiment_std"
  ],
  "means": {
    "return_1": 0.0012117668339840055,
    "log_return_1": 0.0010369044816516595,
    "momentum_14": 0.01688514151293808,
    "volatility_14": 0.01628094799931086,
    "rsi_14": 56.82509295211194,
    "volume_change_1": 0.05597431499332202,
    "news_count": 0.8623914495657983,
    "mean_overall_sentiment": 0.07288274800475632,
    "mean_ticker_sentiment": 0.07290307794569047,
    "mean_ticker_relevance": 0.36165178637667156,
    "weighted_ticker_sentiment": 0.07397179087075345,
    "sentiment_std": 0.036979280627160264
  },
  "stds": {
    "return_1": 0.018659566489035946,
    "log_return_1": 0.018678483600551122,
    "momentum_14": 0.06594345969903094,
    "volatility_14": 0.009320195642993747,
    "rsi_14": 17.873384858879778,
    "volume_change_1": 0.37755371799857984,
    "news_count": 1.292197601642418,
    "mean_overall_sentiment": 0.1436001411660538,
    "mean_ticker_sentiment": 0.1543163307703142,
    "mean_ticker_relevance": 0.3919123136764612,
    "weighted_ticker_sentiment": 0.1566429619435192,
    "sentiment_std": 0.09495025636466477
  }
}