seed,run_name,reward_mode,sentiment_variant,differential_sharpe_eta,differential_sharpe_warmup_steps,differential_sharpe_min_variance,dataset,strategy,cumulative_return,annualized_return,annualized_volatility,sharpe_ratio,max_drawdown
42,profit_sparse_seed42,profit,sparse,0.005,20,1e-06,train,double_dqn,2.5543330025546216,0.271241972943451,0.23138873622241918,1.172234990223221,-0.32269177066759513
42,profit_sparse_seed42,profit,sparse,0.005,20,1e-06,validation,double_dqn,0.09927354662182064,0.053987961532425244,0.21547520722420466,0.2505530089884081,-0.3143187048311704
42,profit_sparse_seed42,profit,sparse,0.005,20,1e-06,test,double_dqn,0.5925824506198529,0.4390156089173354,0.5058818069509121,0.8678224891371413,-0.4003354687939358
