{
  "fit_split": "train",
  "feature_columns": [
    "return_1",
    "log_return_1",
    "momentum_14",
    "volatility_14",
    "rsi_14",
    "day_of_week_sin",
    "day_of_week_cos",
    "day_of_year_sin",
    "day_of_year_cos",
    "volume_change_1",
    "news_count",
    "mean_ticker_sentiment",
    "mean_ticker_relevance",
    "sentiment_std",
    "sentiment_mean_3",
    "sentiment_mean_7",
    "sentiment_diff_1",
    "sentiment_window_spread_3_7"
  ],
  "means": {
    "return_1": 0.00022455657772222525,
    "log_return_1": 0.000150462787751825,
    "momentum_14": 0.0029980632160875086,
    "volatility_14": 0.010107220395250192,
    "rsi_14": 53.25631953044132,
    "day_of_week_sin": 0.3607787182376709,
    "day_of_week_cos": -0.09155864735955731,
    "day_of_year_sin": -0.00561651146202242,
    "day_of_year_cos": -0.01761506095077155,
    "volume_change_1": 0.060657932651482366,
    "news_count": 0.4802939211756847,
    "mean_ticker_sentiment": 0.05317050182799461,
    "mean_ticker_relevance": 0.2496003440293285,
    "sentiment_std": 0.0188114054171274,
    "sentiment_mean_3": 0.053170501827994605,
    "sentiment_mean_7": 0.05312018813393979,
    "sentiment_diff_1": -5.191423628841747e-19,
    "sentiment_window_spread_3_7": 5.031369405479831e-05
  },
  "stds": {
    "return_1": 0.012130209540296952,
    "log_return_1": 0.012194912802917367,
    "momentum_14": 0.04124584627285918,
    "volatility_14": 0.006828409675617745,
    "rsi_14": 14.973135629544139,
    "day_of_week_sin": 0.5149620608128266,
    "day_of_week_cos": 0.7721850856393682,
    "day_of_year_sin": 0.7139738997275735,
    "day_of_year_cos": 0.699928164124361,
    "volume_change_1": 0.40457621419327083,
    "news_count": 0.9935223300747544,
    "mean_ticker_sentiment": 0.14746142430900472,
    "mean_ticker_relevance": 0.3879881180047546,
    "sentiment_std": 0.07327221765232217,
    "sentiment_mean_3": 0.09059937563153529,
    "sentiment_mean_7": 0.06371837443236368,
    "sentiment_diff_1": 0.20089015832537516,
    "sentiment_window_spread_3_7": 0.06420607624193088
  }
}