seed,run_name,reward_mode,sentiment_variant,differential_sharpe_eta,differential_sharpe_warmup_steps,differential_sharpe_min_variance,dataset,strategy,cumulative_return,annualized_return,annualized_volatility,sharpe_ratio,max_drawdown
42,profit_sparse_seed42,profit,sparse,0.005,20,1e-06,train,double_dqn,296.04346896271034,1.8004630994444262,0.38290684470703257,4.702091708028844,-0.2714584520830464
42,profit_sparse_seed42,profit,sparse,0.005,20,1e-06,validation,double_dqn,1.1044617050267935,0.39969720312136636,0.4570919767086553,0.8744349572692858,-0.4693180810335309
42,profit_sparse_seed42,profit,sparse,0.005,20,1e-06,test,double_dqn,-0.08791083232610908,0.07686627615287955,0.4935886868901995,0.15572941235174362,-0.520587882622943
