{
  "fit_split": "train",
  "feature_columns": [
    "return_1",
    "log_return_1",
    "momentum_14",
    "volatility_14",
    "rsi_14",
    "day_of_week_sin",
    "day_of_week_cos",
    "day_of_year_sin",
    "day_of_year_cos",
    "volume_change_1",
    "news_count",
    "mean_ticker_sentiment",
    "mean_ticker_relevance",
    "sentiment_std",
    "sentiment_mean_3",
    "sentiment_mean_7",
    "sentiment_diff_1",
    "sentiment_window_spread_3_7"
  ],
  "means": {
    "return_1": 0.0014722882385477358,
    "log_return_1": 0.001281118740034462,
    "momentum_14": 0.01973295138878609,
    "volatility_14": 0.01680177460820234,
    "rsi_14": 57.845410276843054,
    "day_of_week_sin": 0.3607787182376709,
    "day_of_week_cos": -0.09155864735955731,
    "day_of_year_sin": -0.00561651146202242,
    "day_of_year_cos": -0.01761506095077155,
    "volume_change_1": 0.06742498501136963,
    "news_count": 0.2070808283233133,
    "mean_ticker_sentiment": 0.04235362814517925,
    "mean_ticker_relevance": 0.13387846776887108,
    "sentiment_std": 0.004763881600066392,
    "sentiment_mean_3": 0.04220802093075038,
    "sentiment_mean_7": 0.04220962070172087,
    "sentiment_diff_1": 0.00029401402805611184,
    "sentiment_window_spread_3_7": -1.5997709705132787e-06
  },
  "stds": {
    "return_1": 0.01953205613930794,
    "log_return_1": 0.019502529711137136,
    "momentum_14": 0.05437637164776144,
    "volatility_14": 0.010666998552357879,
    "rsi_14": 14.804745120733006,
    "day_of_week_sin": 0.5149620608128266,
    "day_of_week_cos": 0.7721850856393682,
    "day_of_year_sin": 0.7139738997275735,
    "day_of_year_cos": 0.699928164124361,
    "volume_change_1": 0.4107490758230019,
    "news_count": 0.5420247939295003,
    "mean_ticker_sentiment": 0.13876615070113824,
    "mean_ticker_relevance": 0.31370369584429914,
    "sentiment_std": 0.034873907304503335,
    "sentiment_mean_3": 0.0835315334686844,
    "sentiment_mean_7": 0.058993253427439794,
    "sentiment_diff_1": 0.1903227439125266,
    "sentiment_window_spread_3_7": 0.05879214069012757
  }
}