{
  "fit_split": "train",
  "feature_columns": [
    "return_1",
    "log_return_1",
    "momentum_14",
    "volatility_14",
    "rsi_14",
    "day_of_week_sin",
    "day_of_week_cos",
    "day_of_year_sin",
    "day_of_year_cos",
    "volume_change_1",
    "news_count",
    "mean_ticker_sentiment",
    "mean_ticker_relevance",
    "sentiment_std",
    "sentiment_mean_3",
    "sentiment_mean_7",
    "sentiment_diff_1",
    "sentiment_window_spread_3_7"
  ],
  "means": {
    "return_1": 0.0018008833242668663,
    "log_return_1": 0.001455363797455454,
    "momentum_14": 0.027034948737521564,
    "volatility_14": 0.02447240153918674,
    "rsi_14": 55.02763860744725,
    "day_of_week_sin": 0.3607787182376709,
    "day_of_week_cos": -0.09155864735955731,
    "day_of_year_sin": -0.00561651146202242,
    "day_of_year_cos": -0.01761506095077155,
    "volume_change_1": 0.08215795660257894,
    "news_count": 0.3907815631262525,
    "mean_ticker_sentiment": 0.038946674557845846,
    "mean_ticker_relevance": 0.21403412774437766,
    "sentiment_std": 0.01244772443889888,
    "sentiment_mean_3": 0.03894667455784582,
    "sentiment_mean_7": 0.03886462436221647,
    "sentiment_diff_1": -1.8540798674434813e-19,
    "sentiment_window_spread_3_7": 8.205019562933841e-05
  },
  "stds": {
    "return_1": 0.026357151751697245,
    "log_return_1": 0.026195392569288968,
    "momentum_14": 0.09854264297130769,
    "volatility_14": 0.010950752257365788,
    "rsi_14": 16.75595358313114,
    "day_of_week_sin": 0.5149620608128266,
    "day_of_week_cos": 0.7721850856393682,
    "day_of_year_sin": 0.7139738997275735,
    "day_of_year_cos": 0.699928164124361,
    "volume_change_1": 0.4958590920636417,
    "news_count": 0.8034631061681519,
    "mean_ticker_sentiment": 0.1347308477019964,
    "mean_ticker_relevance": 0.36180243761757586,
    "sentiment_std": 0.057522954660095243,
    "sentiment_mean_3": 0.07918882722138637,
    "sentiment_mean_7": 0.053765299159462744,
    "sentiment_diff_1": 0.18742625662531098,
    "sentiment_window_spread_3_7": 0.05847838287281649
  }
}