comparison_group,strategy,reward_mode,sentiment_variant,seed_count,test_sharpe_ratio_mean,test_sharpe_ratio_std,test_annualized_return_mean,test_annualized_return_std,test_max_drawdown_mean,test_max_drawdown_std
shared_baselines,buy_and_hold,profit,none,1,0.9051097911241823,0.0,0.25651511662167614,0.0,-0.3343370956600402,0.0
shared_baselines,random,profit,none,1,0.24612010602108872,0.0,0.04545056505165346,0.0,-0.27858093109182747,0.0
profit_none,double_dqn,profit,none,5,0.826026825479306,0.6003380818195153,0.17570002571768312,0.1262791181640267,-0.19311156201966506,0.05275822389499903
profit_sparse,double_dqn,profit,sparse,5,0.7113436934806282,0.4015173437327271,0.1593377490548066,0.0882918525514529,-0.24956051331498302,0.08998190471750038
profit_decay,double_dqn,profit,decay,5,0.41452456552603023,0.5512333508249349,0.09070959832990247,0.10438308210134271,-0.2137628777479561,0.04764107286779945
sharpe_none,double_dqn,sharpe,none,5,0.717262255877012,0.22927155359317064,0.17509437791466506,0.052970371627621214,-0.26143197376227034,0.03794584992306853
sharpe_sparse,double_dqn,sharpe,sparse,5,0.44559232000926485,0.7143316839636229,0.06335573785904376,0.10502263388197894,-0.22025583587871722,0.08764468213798542
sharpe_decay,double_dqn,sharpe,decay,5,0.20714279778816272,0.6485329566539784,0.03774742319498727,0.11733091309985189,-0.275792080918462,0.12442265772422664
