{
  "fit_split": "train",
  "feature_columns": [
    "return_1",
    "log_return_1",
    "momentum_14",
    "volatility_14",
    "rsi_14",
    "day_of_week_sin",
    "day_of_week_cos",
    "day_of_year_sin",
    "day_of_year_cos",
    "volume_change_1",
    "news_count",
    "mean_ticker_sentiment",
    "mean_ticker_relevance",
    "sentiment_std",
    "days_since_last_news",
    "sentiment_mean_3",
    "sentiment_mean_7",
    "sentiment_diff_1",
    "sentiment_window_spread_3_7"
  ],
  "means": {
    "return_1": 0.0017601246809049816,
    "log_return_1": 0.001570431718123016,
    "momentum_14": 0.024819905074332415,
    "volatility_14": 0.017258799608239776,
    "rsi_14": 57.786761567413805,
    "day_of_week_sin": 0.3607787182376709,
    "day_of_week_cos": -0.09155864735955731,
    "day_of_year_sin": -0.00561651146202242,
    "day_of_year_cos": -0.01761506095077155,
    "volume_change_1": 0.06126805398679704,
    "news_count": 1.4382097528390114,
    "mean_ticker_sentiment": 0.11466443302326693,
    "mean_ticker_relevance": 0.5692350630515957,
    "sentiment_std": 0.06573987296812774,
    "days_since_last_news": 1.3580494321977288,
    "sentiment_mean_3": 0.1144979972628572,
    "sentiment_mean_7": 0.11423890041413039,
    "sentiment_diff_1": 0.00015625951903808482,
    "sentiment_window_spread_3_7": 0.0002590968487267999
  },
  "stds": {
    "return_1": 0.01951091630228617,
    "log_return_1": 0.019363826643423475,
    "momentum_14": 0.0685234060515346,
    "volatility_14": 0.00942680542701767,
    "rsi_14": 15.995190430329432,
    "day_of_week_sin": 0.5149620608128266,
    "day_of_week_cos": 0.7721850856393682,
    "day_of_year_sin": 0.7139738997275735,
    "day_of_year_cos": 0.699928164124361,
    "volume_change_1": 0.42115902086862916,
    "news_count": 1.9259044153485891,
    "mean_ticker_sentiment": 0.15126172084298498,
    "mean_ticker_relevance": 0.23030073792209238,
    "sentiment_std": 0.09735324865957215,
    "days_since_last_news": 2.226950595351474,
    "sentiment_mean_3": 0.10526698663076599,
    "sentiment_mean_7": 0.07394805129260233,
    "sentiment_diff_1": 0.17767789673080078,
    "sentiment_window_spread_3_7": 0.0755643276631262
  }
}