{
  "fit_split": "train",
  "feature_columns": [
    "return_1",
    "log_return_1",
    "momentum_14",
    "volatility_14",
    "rsi_14",
    "day_of_week_sin",
    "day_of_week_cos",
    "day_of_year_sin",
    "day_of_year_cos",
    "volume_change_1",
    "news_count",
    "mean_ticker_sentiment",
    "mean_ticker_relevance",
    "sentiment_std",
    "days_since_last_news",
    "sentiment_mean_3",
    "sentiment_mean_7",
    "sentiment_diff_1",
    "sentiment_window_spread_3_7"
  ],
  "means": {
    "return_1": 0.002518236738659134,
    "log_return_1": 0.001911957845771301,
    "momentum_14": 0.03604927669073348,
    "volatility_14": 0.030710112109707716,
    "rsi_14": 54.05099887727473,
    "day_of_week_sin": 0.3607787182376709,
    "day_of_week_cos": -0.09155864735955731,
    "day_of_year_sin": -0.00561651146202242,
    "day_of_year_cos": -0.01761506095077155,
    "volume_change_1": 0.09240925207460492,
    "news_count": 0.46158984635938544,
    "mean_ticker_sentiment": 0.06148294024834943,
    "mean_ticker_relevance": 0.4410312734930214,
    "sentiment_std": 0.032558690486238905,
    "days_since_last_news": 4.709418837675351,
    "sentiment_mean_3": 0.061304941361687175,
    "sentiment_mean_7": 0.06100965060557182,
    "sentiment_diff_1": 0.00015684101536407412,
    "sentiment_window_spread_3_7": 0.000295290756115356
  },
  "stds": {
    "return_1": 0.034811095849067684,
    "log_return_1": 0.034761185909398064,
    "momentum_14": 0.14533086667453074,
    "volatility_14": 0.016029219166319063,
    "rsi_14": 18.199791987030537,
    "day_of_week_sin": 0.5149620608128266,
    "day_of_week_cos": 0.7721850856393682,
    "day_of_year_sin": 0.7139738997275735,
    "day_of_year_cos": 0.699928164124361,
    "volume_change_1": 0.5454980926790604,
    "news_count": 0.850180308655107,
    "mean_ticker_sentiment": 0.16798011170647537,
    "mean_ticker_relevance": 0.31749848231400485,
    "sentiment_std": 0.09813629679515742,
    "days_since_last_news": 7.310217280146907,
    "sentiment_mean_3": 0.1321022503730023,
    "sentiment_mean_7": 0.10158599867538425,
    "sentiment_diff_1": 0.1670384381276497,
    "sentiment_window_spread_3_7": 0.08649369923396684
  }
}