{
  "fit_split": "train",
  "feature_columns": [
    "return_1",
    "log_return_1",
    "momentum_14",
    "volatility_14",
    "rsi_14",
    "day_of_week_sin",
    "day_of_week_cos",
    "day_of_year_sin",
    "day_of_year_cos",
    "volume_change_1",
    "news_count",
    "mean_ticker_sentiment",
    "mean_ticker_relevance",
    "sentiment_std",
    "days_since_last_news",
    "sentiment_mean_3",
    "sentiment_mean_7",
    "sentiment_diff_1",
    "sentiment_window_spread_3_7"
  ],
  "means": {
    "return_1": 0.02055673556236664,
    "log_return_1": 0.017656717931172152,
    "momentum_14": 0.3692374138340539,
    "volatility_14": 0.07037802573941482,
    "rsi_14": 64.73075820001617,
    "day_of_week_sin": 0.38741641333854787,
    "day_of_week_cos": -0.053093155749399046,
    "day_of_year_sin": -0.5401828040913236,
    "day_of_year_cos": 0.7612940338604971,
    "volume_change_1": 0.14555008012960646,
    "news_count": 0.19607843137254902,
    "mean_ticker_sentiment": 0.04046643559762457,
    "mean_ticker_relevance": 0.19561814021993343,
    "sentiment_std": 0.012608930877297067,
    "days_since_last_news": 1.6274509803921569,
    "sentiment_mean_3": 0.03923727341263972,
    "sentiment_mean_7": 0.034449925917773024,
    "sentiment_diff_1": 0.0011228556686000784,
    "sentiment_window_spread_3_7": 0.004787347494866708
  },
  "stds": {
    "return_1": 0.0760618824656564,
    "log_return_1": 0.0728290139569461,
    "momentum_14": 0.3763759861402837,
    "volatility_14": 0.023506683879724523,
    "rsi_14": 13.690611656196605,
    "day_of_week_sin": 0.5068428895495872,
    "day_of_week_cos": 0.7682447037249852,
    "day_of_year_sin": 0.2917047008467294,
    "day_of_year_cos": 0.20866791721864467,
    "volume_change_1": 0.5664793611810944,
    "news_count": 0.4858632036613282,
    "mean_ticker_sentiment": 0.06573367764235837,
    "mean_ticker_relevance": 0.23094304089163975,
    "sentiment_std": 0.037776984831154034,
    "days_since_last_news": 2.3677637692989815,
    "sentiment_mean_3": 0.052521484708685444,
    "sentiment_mean_7": 0.04220777042972027,
    "sentiment_diff_1": 0.06757650159512554,
    "sentiment_window_spread_3_7": 0.026362228389302734
  }
}