{
  "fit_split": "train",
  "feature_columns": [
    "return_1",
    "log_return_1",
    "momentum_14",
    "volatility_14",
    "rsi_14",
    "day_of_week_sin",
    "day_of_week_cos",
    "day_of_year_sin",
    "day_of_year_cos",
    "volume_change_1",
    "news_count",
    "mean_ticker_sentiment",
    "mean_ticker_relevance",
    "sentiment_std",
    "days_since_last_news",
    "sentiment_mean_3",
    "sentiment_mean_7",
    "sentiment_diff_1",
    "sentiment_window_spread_3_7"
  ],
  "means": {
    "return_1": 0.0011281744427221068,
    "log_return_1": 0.0008982090233440435,
    "momentum_14": 0.015104382671262701,
    "volatility_14": 0.018468060741657473,
    "rsi_14": 54.8901273985196,
    "day_of_week_sin": 0.3607787182376709,
    "day_of_week_cos": -0.09155864735955731,
    "day_of_year_sin": -0.00561651146202242,
    "day_of_year_cos": -0.01761506095077155,
    "volume_change_1": 0.09176207542029621,
    "news_count": 0.30527722110888444,
    "mean_ticker_sentiment": 0.1056960100339402,
    "mean_ticker_relevance": 0.3176864771159886,
    "sentiment_std": 0.016196577852270997,
    "days_since_last_news": 7.554442217768871,
    "sentiment_mean_3": 0.10551554232073601,
    "sentiment_mean_7": 0.10512470868327597,
    "sentiment_diff_1": 0.00027495591182367306,
    "sentiment_window_spread_3_7": 0.00039083363746004747
  },
  "stds": {
    "return_1": 0.021533588816811125,
    "log_return_1": 0.02138452127694262,
    "momentum_14": 0.06848764347049091,
    "volatility_14": 0.011590344138722695,
    "rsi_14": 15.606961083949619,
    "day_of_week_sin": 0.5149620608128266,
    "day_of_week_cos": 0.7721850856393682,
    "day_of_year_sin": 0.7139738997275735,
    "day_of_year_cos": 0.699928164124361,
    "volume_change_1": 0.5552990666534093,
    "news_count": 0.8039183890096487,
    "mean_ticker_sentiment": 0.14136193098664507,
    "mean_ticker_relevance": 0.30050419846686066,
    "sentiment_std": 0.056346163603792576,
    "days_since_last_news": 10.97534167528646,
    "sentiment_mean_3": 0.11556511101303069,
    "sentiment_mean_7": 0.09341266338909947,
    "sentiment_diff_1": 0.1307798528981361,
    "sentiment_window_spread_3_7": 0.06961269656280158
  }
}