seed,run_name,reward_mode,sentiment_variant,differential_sharpe_eta,differential_sharpe_warmup_steps,differential_sharpe_min_variance,dataset,strategy,cumulative_return,annualized_return,annualized_volatility,sharpe_ratio,max_drawdown
45,sharpe_sparse_seed45,sharpe,sparse,0.005,20,1e-06,train,double_dqn,6.711481481099995,0.4539971308742847,0.24754930389948027,1.833966501714077,-0.22718710380000717
45,sharpe_sparse_seed45,sharpe,sparse,0.005,20,1e-06,validation,double_dqn,0.09207242366758006,0.060623062785230886,0.24839988693530954,0.2440543090948301,-0.2753705453985801
45,sharpe_sparse_seed45,sharpe,sparse,0.005,20,1e-06,test,double_dqn,-0.43121412272285775,-0.22052994029897577,0.26497847459527396,-0.8322560564053796,-0.48024343161934313
