{
  "fit_split": "train",
  "feature_columns": [
    "return_1",
    "log_return_1",
    "momentum_14",
    "volatility_14",
    "rsi_14",
    "day_of_week_sin",
    "day_of_week_cos",
    "day_of_year_sin",
    "day_of_year_cos",
    "volume_change_1",
    "news_count",
    "mean_ticker_sentiment",
    "mean_ticker_relevance",
    "sentiment_std",
    "sentiment_mean_3",
    "sentiment_mean_7",
    "sentiment_diff_1",
    "sentiment_window_spread_3_7"
  ],
  "means": {
    "return_1": 0.0012155735030777528,
    "log_return_1": 0.0009525805201509867,
    "momentum_14": 0.01634490837170109,
    "volatility_14": 0.0202176640075554,
    "rsi_14": 54.062982071430746,
    "day_of_week_sin": 0.3607787182376709,
    "day_of_week_cos": -0.09155864735955731,
    "day_of_year_sin": -0.00561651146202242,
    "day_of_year_cos": -0.01761506095077155,
    "volume_change_1": 0.08590557700535166,
    "news_count": 0.16032064128256512,
    "mean_ticker_sentiment": 0.02168836556446226,
    "mean_ticker_relevance": 0.09807850730349586,
    "sentiment_std": 0.003278233788287567,
    "sentiment_mean_3": 0.02168836556446225,
    "sentiment_mean_7": 0.02168836556446224,
    "sentiment_diff_1": 2.96652778790957e-19,
    "sentiment_window_spread_3_7": 3.7081597348869626e-19
  },
  "stds": {
    "return_1": 0.022838446571296068,
    "log_return_1": 0.02296083635716175,
    "momentum_14": 0.07592383668334685,
    "volatility_14": 0.011079513131911382,
    "rsi_14": 15.954710656445895,
    "day_of_week_sin": 0.5149620608128266,
    "day_of_week_cos": 0.7721850856393682,
    "day_of_year_sin": 0.7139738997275735,
    "day_of_year_cos": 0.699928164124361,
    "volume_change_1": 0.5411555790723789,
    "news_count": 0.4619981044967321,
    "mean_ticker_sentiment": 0.09980817043903112,
    "mean_ticker_relevance": 0.2586800240270577,
    "sentiment_std": 0.028973839485254525,
    "sentiment_mean_3": 0.0602574830439639,
    "sentiment_mean_7": 0.040867413337547856,
    "sentiment_diff_1": 0.13861654286459488,
    "sentiment_window_spread_3_7": 0.044532290136495005
  }
}