comparison_group,strategy,reward_mode,sentiment_variant,seed_count,test_sharpe_ratio_mean,test_sharpe_ratio_std,test_annualized_return_mean,test_annualized_return_std,test_max_drawdown_mean,test_max_drawdown_std
shared_baselines,buy_and_hold,profit,none,1,1.7293254781332534,0.0,0.5122006974396036,0.0,-0.29886620057787916,0.0
shared_baselines,random,profit,none,1,-0.164058656694815,0.0,-0.03360535678261567,0.0,-0.30369722185753223,0.0
profit_none,double_dqn,profit,none,5,1.2377731718837763,0.39155026418402855,0.28379203899982614,0.10446204146879803,-0.2271155825356403,0.0639850339250122
profit_sparse,double_dqn,profit,sparse,5,1.66143463239179,0.5303958358751525,0.42326678438374826,0.14163937631834916,-0.23903926096253741,0.038328952970953845
profit_decay,double_dqn,profit,decay,5,1.1383781282754672,0.6387717834859321,0.2566132136431405,0.1776684025514203,-0.1919436750584753,0.05695065652996462
sharpe_none,double_dqn,sharpe,none,5,0.9036809515246601,0.5516777589467569,0.2266206188861025,0.1637954630689499,-0.27613591558939526,0.06141254559471796
sharpe_sparse,double_dqn,sharpe,sparse,5,1.1037941791932007,0.6022922912214961,0.2604398444886586,0.1406625066514694,-0.25841026233855885,0.047221489546527357
sharpe_decay,double_dqn,sharpe,decay,5,1.1733149498088125,0.3619457011951629,0.27576037932927966,0.11669405104008063,-0.27416359017484887,0.046711991120248625
