seed,run_name,reward_mode,sentiment_variant,differential_sharpe_eta,differential_sharpe_warmup_steps,differential_sharpe_min_variance,dataset,strategy,cumulative_return,annualized_return,annualized_volatility,sharpe_ratio,max_drawdown
44,sharpe_decay_eta0p001_seed44,sharpe,decay,0.001,20,1e-06,train,double_dqn,4.592484742690334,0.37779769132723007,0.24894804267544693,1.5175764680333887,-0.21838329384517075
44,sharpe_decay_eta0p001_seed44,sharpe,decay,0.001,20,1e-06,validation,double_dqn,1.0835361424897654,0.31612348772285226,0.30211187953578544,1.0463788719880747,-0.45694480903780565
44,sharpe_decay_eta0p001_seed44,sharpe,decay,0.001,20,1e-06,test,double_dqn,-0.20977738392719258,0.0006574292072081267,0.48771958325669235,0.001347965572385299,-0.654334383982099
