seed,run_name,reward_mode,sentiment_variant,differential_sharpe_eta,differential_sharpe_warmup_steps,differential_sharpe_min_variance,dataset,strategy,cumulative_return,annualized_return,annualized_volatility,sharpe_ratio,max_drawdown
46,sharpe_decay_eta0p005_seed46,sharpe,decay,0.005,20,1e-06,train,double_dqn,2.7661137627206305,0.27936929144334743,0.21474944709909563,1.3009080824987322,-0.21120309568715467
46,sharpe_decay_eta0p005_seed46,sharpe,decay,0.005,20,1e-06,validation,double_dqn,-0.33685081165045994,-0.08230745871390843,0.29045296782582547,-0.283376201420897,-0.5414422831067143
46,sharpe_decay_eta0p005_seed46,sharpe,decay,0.005,20,1e-06,test,double_dqn,0.6908022113722658,0.43856895322308276,0.4523692425573464,0.9694933075992358,-0.34858424588240333
