seed,run_name,reward_mode,sentiment_variant,differential_sharpe_eta,differential_sharpe_warmup_steps,differential_sharpe_min_variance,dataset,strategy,cumulative_return,annualized_return,annualized_volatility,sharpe_ratio,max_drawdown
43,sharpe_none_seed43,sharpe,none,0.005,20,1e-06,train,double_dqn,8.902125152118176,0.4776663949010751,0.09309803556786139,5.130789194288559,-0.02981119946514388
43,sharpe_none_seed43,sharpe,none,0.005,20,1e-06,validation,double_dqn,0.17221785317473315,0.055186464929738666,0.09050943425095949,0.6097316305913562,-0.12483320231899986
43,sharpe_none_seed43,sharpe,none,0.005,20,1e-06,test,double_dqn,-0.09880256688684241,-0.04633851978837267,0.10113377023232313,-0.4581903718404292,-0.16029882128977235
