seed,run_name,reward_mode,sentiment_variant,differential_sharpe_eta,differential_sharpe_warmup_steps,differential_sharpe_min_variance,dataset,strategy,cumulative_return,annualized_return,annualized_volatility,sharpe_ratio,max_drawdown
43,sharpe_none_seed43,sharpe,none,0.005,20,1e-06,train,double_dqn,0.3301584357481435,3.679558163824301,0.4759845011519764,7.730415916734777,-0.06729310981317671
43,sharpe_none_seed43,sharpe,none,0.005,20,1e-06,validation,double_dqn,0.42188066445854355,0.2640665925871557,0.4999109056245257,0.5282273093387794,-0.5174017370466624
43,sharpe_none_seed43,sharpe,none,0.005,20,1e-06,test,double_dqn,5.387535256677293,1.8658258035057793,0.4893958898433915,3.812508119148386,-0.3402106572826339
