{
  "fit_split": "train",
  "feature_columns": [
    "return_1",
    "log_return_1",
    "momentum_14",
    "volatility_14",
    "rsi_14",
    "day_of_week_sin",
    "day_of_week_cos",
    "day_of_year_sin",
    "day_of_year_cos",
    "volume_change_1"
  ],
  "means": {
    "return_1": 0.002518236738659134,
    "log_return_1": 0.001911957845771301,
    "momentum_14": 0.03604927669073348,
    "volatility_14": 0.030710112109707716,
    "rsi_14": 54.05099887727473,
    "day_of_week_sin": 0.3607787182376709,
    "day_of_week_cos": -0.09155864735955731,
    "day_of_year_sin": -0.00561651146202242,
    "day_of_year_cos": -0.01761506095077155,
    "volume_change_1": 0.09240925207460492
  },
  "stds": {
    "return_1": 0.034811095849067684,
    "log_return_1": 0.034761185909398064,
    "momentum_14": 0.14533086667453074,
    "volatility_14": 0.016029219166319063,
    "rsi_14": 18.199791987030537,
    "day_of_week_sin": 0.5149620608128266,
    "day_of_week_cos": 0.7721850856393682,
    "day_of_year_sin": 0.7139738997275735,
    "day_of_year_cos": 0.699928164124361,
    "volume_change_1": 0.5454980926790604
  }
}