seed,run_name,reward_mode,sentiment_variant,differential_sharpe_eta,differential_sharpe_warmup_steps,differential_sharpe_min_variance,dataset,strategy,cumulative_return,annualized_return,annualized_volatility,sharpe_ratio,max_drawdown
42,sharpe_none_seed42,sharpe,none,0.005,20,1e-06,train,double_dqn,8.605966483745844,0.615991849619961,0.44420747738330457,1.386721027859746,-0.4808954013850064
42,sharpe_none_seed42,sharpe,none,0.005,20,1e-06,validation,double_dqn,-0.13541075822885063,0.08364170324307385,0.5024841943428461,0.1664563864590036,-0.6397221277636039
42,sharpe_none_seed42,sharpe,none,0.005,20,1e-06,test,double_dqn,1.4561677747780912,0.8142138665895411,0.536317175146268,1.5181573597143954,-0.5030578571387982
