{
  "fit_split": "train",
  "feature_columns": [
    "return_1",
    "log_return_1",
    "momentum_14",
    "volatility_14",
    "rsi_14",
    "day_of_week_sin",
    "day_of_week_cos",
    "day_of_year_sin",
    "day_of_year_cos",
    "volume_change_1"
  ],
  "means": {
    "return_1": 0.0010438990584602714,
    "log_return_1": 0.0008402445880119709,
    "momentum_14": 0.014033973878344846,
    "volatility_14": 0.017748365205372055,
    "rsi_14": 55.07523553787031,
    "day_of_week_sin": 0.3607787182376709,
    "day_of_week_cos": -0.09155864735955731,
    "day_of_year_sin": -0.00561651146202242,
    "day_of_year_cos": -0.01761506095077155,
    "volume_change_1": 0.070523301903522
  },
  "stds": {
    "return_1": 0.02009924822013005,
    "log_return_1": 0.020203273973285887,
    "momentum_14": 0.06417810963632027,
    "volatility_14": 0.00988433319547694,
    "rsi_14": 15.422994269836094,
    "day_of_week_sin": 0.5149620608128266,
    "day_of_week_cos": 0.7721850856393682,
    "day_of_year_sin": 0.7139738997275735,
    "day_of_year_cos": 0.699928164124361,
    "volume_change_1": 0.4657508803950522
  }
}