dataset,strategy,cumulative_return,annualized_return,annualized_volatility,sharpe_ratio,max_drawdown,comparison_group,run_name,reward_mode,sentiment_variant
train,buy_and_hold,2.509700594059561,0.3004507547537061,0.31917186703614975,0.9413447292322813,-0.42960920662715507,shared_baselines,heuristic_reference,profit,none
train,random,-0.3350958828250956,-0.039473228049163755,0.23609258942127814,-0.16719384604964727,-0.6608909591241972,shared_baselines,heuristic_reference,profit,none
validation,buy_and_hold,0.8796757061969951,0.36506565007170777,0.47424052135107353,0.7697900825337842,-0.7673609153644646,shared_baselines,heuristic_reference,profit,none
validation,random,-0.25661184947325877,-0.021923352249272776,0.3660332866593367,-0.05989442230612378,-0.6695274170468255,shared_baselines,heuristic_reference,profit,none
test,buy_and_hold,0.19485583846407217,0.16360436584900095,0.3519113382217006,0.4649022298506672,-0.3420934544563652,shared_baselines,heuristic_reference,profit,none
test,random,0.31574738531055746,0.18263292487967342,0.24269892491742837,0.7525081742402001,-0.17561561647757373,shared_baselines,heuristic_reference,profit,none
