dataset,strategy,cumulative_return,annualized_return,annualized_volatility,sharpe_ratio,max_drawdown,comparison_group,run_name,reward_mode,sentiment_variant
train,buy_and_hold,3.697822570325248,0.35596865902063657,0.29630598531386987,1.2013549393663696,-0.38729694508624535,shared_baselines,heuristic_reference,profit,none
train,random,-0.33492864562678637,-0.04314884958278642,0.22103565325093907,-0.1952121702909171,-0.5336905213295737,shared_baselines,heuristic_reference,profit,none
validation,buy_and_hold,0.38065059201647355,0.1478973084996471,0.2730199281477627,0.5417088397283686,-0.3131146617425401,shared_baselines,heuristic_reference,profit,none
validation,random,-0.0051930078940300994,0.015473979196506837,0.1842732031738878,0.08397302988164239,-0.26257781448170125,shared_baselines,heuristic_reference,profit,none
test,buy_and_hold,0.4527631079385952,0.25651511662167614,0.28340773587596946,0.9051097911241823,-0.3343370956600402,shared_baselines,heuristic_reference,profit,none
test,random,0.05582480959898817,0.04545056505165346,0.18466823286578238,0.24612010602108872,-0.27858093109182747,shared_baselines,heuristic_reference,profit,none
