seed,run_name,reward_mode,sentiment_variant,differential_sharpe_eta,differential_sharpe_warmup_steps,differential_sharpe_min_variance,dataset,strategy,cumulative_return,annualized_return,annualized_volatility,sharpe_ratio,max_drawdown
45,profit_decay_seed45,profit,decay,0.005,20,1e-06,train,double_dqn,2.6666718627470094,0.26475078587143686,0.17915255383226708,1.477795209770282,-0.21686656831007523
45,profit_decay_seed45,profit,decay,0.005,20,1e-06,validation,double_dqn,0.2933188930914836,0.10200773331690582,0.18408423333959745,0.5541361770441393,-0.2920865890389325
45,profit_decay_seed45,profit,decay,0.005,20,1e-06,test,double_dqn,0.06378171387459997,0.0785050999263075,0.30094117404113524,0.2608652676937345,-0.3934717917307571
