seed,run_name,reward_mode,sentiment_variant,differential_sharpe_eta,differential_sharpe_warmup_steps,differential_sharpe_min_variance,dataset,strategy,cumulative_return,annualized_return,annualized_volatility,sharpe_ratio,max_drawdown
45,profit_decay_seed45,profit,decay,0.005,20,1e-06,train,double_dqn,46.52212342644887,1.1349402489948481,0.46710976801904325,2.429707804672966,-0.4636355017613809
45,profit_decay_seed45,profit,decay,0.005,20,1e-06,validation,double_dqn,0.4464061064857323,0.27520585526986974,0.5070602769516624,0.5427478108211281,-0.5497555845363653
45,profit_decay_seed45,profit,decay,0.005,20,1e-06,test,double_dqn,0.5986539130459425,0.4343505560302279,0.5030861899880453,0.8633720516966471,-0.3958739714361691
