seed,run_name,reward_mode,sentiment_variant,differential_sharpe_eta,differential_sharpe_warmup_steps,differential_sharpe_min_variance,dataset,strategy,cumulative_return,annualized_return,annualized_volatility,sharpe_ratio,max_drawdown
44,profit_sparse_seed44,profit,sparse,0.005,20,1e-06,train,double_dqn,5.378537259719803,0.40088613969928377,0.22542509900320168,1.7783562765279746,-0.1491087797480798
44,profit_sparse_seed44,profit,sparse,0.005,20,1e-06,validation,double_dqn,0.6156810142971181,0.19904726130766837,0.25363130505974374,0.7847898005365784,-0.21138395716548186
44,profit_sparse_seed44,profit,sparse,0.005,20,1e-06,test,double_dqn,-0.02929086560882388,0.011304289681197899,0.22942254761118033,0.049272792926857954,-0.26853470792498224
