seed,run_name,reward_mode,sentiment_variant,differential_sharpe_eta,differential_sharpe_warmup_steps,differential_sharpe_min_variance,dataset,strategy,cumulative_return,annualized_return,annualized_volatility,sharpe_ratio,max_drawdown
44,profit_sparse_seed44,profit,sparse,0.005,20,1e-06,train,double_dqn,16.46887936690721,0.6573561226405507,0.21797643318619417,3.0157210714565688,-0.14475905575439663
44,profit_sparse_seed44,profit,sparse,0.005,20,1e-06,validation,double_dqn,0.9693792081393822,0.26506283079808424,0.21731189426608652,1.2197345740934424,-0.2372383904876474
44,profit_sparse_seed44,profit,sparse,0.005,20,1e-06,test,double_dqn,0.10618743783897888,0.06768318732821665,0.1713823770997973,0.3949250119736885,-0.16076274984727945
