{
  "fit_split": "train",
  "feature_columns": [
    "return_1",
    "log_return_1",
    "momentum_14",
    "volatility_14",
    "rsi_14",
    "day_of_week_sin",
    "day_of_week_cos",
    "day_of_year_sin",
    "day_of_year_cos",
    "volume_change_1",
    "news_count",
    "mean_ticker_sentiment",
    "mean_ticker_relevance",
    "sentiment_std",
    "sentiment_mean_3",
    "sentiment_mean_7",
    "sentiment_diff_1",
    "sentiment_window_spread_3_7"
  ],
  "means": {
    "return_1": 0.02055673556236664,
    "log_return_1": 0.017656717931172152,
    "momentum_14": 0.3692374138340539,
    "volatility_14": 0.07037802573941482,
    "rsi_14": 64.73075820001617,
    "day_of_week_sin": 0.38741641333854787,
    "day_of_week_cos": -0.053093155749399046,
    "day_of_year_sin": -0.5401828040913236,
    "day_of_year_cos": 0.7612940338604971,
    "volume_change_1": 0.14555008012960646,
    "news_count": 0.19607843137254902,
    "mean_ticker_sentiment": 0.02054482352941176,
    "mean_ticker_relevance": 0.098336,
    "sentiment_std": 0.006458325123870214,
    "sentiment_mean_3": 0.020544823529411744,
    "sentiment_mean_7": 0.018698655462184854,
    "sentiment_diff_1": -1.0884539457109378e-18,
    "sentiment_window_spread_3_7": 0.0018461680672268905
  },
  "stds": {
    "return_1": 0.0760618824656564,
    "log_return_1": 0.0728290139569461,
    "momentum_14": 0.3763759861402837,
    "volatility_14": 0.023506683879724523,
    "rsi_14": 13.690611656196605,
    "day_of_week_sin": 0.5068428895495872,
    "day_of_week_cos": 0.7682447037249852,
    "day_of_year_sin": 0.2917047008467294,
    "day_of_year_cos": 0.20866791721864467,
    "volume_change_1": 0.5664793611810944,
    "news_count": 0.4858632036613282,
    "mean_ticker_sentiment": 0.06275538574964307,
    "mean_ticker_relevance": 0.22812785037043867,
    "sentiment_std": 0.03199472177404123,
    "sentiment_mean_3": 0.034947902803894045,
    "sentiment_mean_7": 0.023712297190976034,
    "sentiment_diff_1": 0.09338772718308101,
    "sentiment_window_spread_3_7": 0.02327845797026985
  }
}