{
  "fit_split": "train",
  "feature_columns": [
    "return_1",
    "log_return_1",
    "momentum_14",
    "volatility_14",
    "rsi_14",
    "day_of_week_sin",
    "day_of_week_cos",
    "day_of_year_sin",
    "day_of_year_cos",
    "volume_change_1",
    "news_count",
    "mean_ticker_sentiment",
    "mean_ticker_relevance",
    "sentiment_std",
    "days_since_last_news",
    "sentiment_mean_3",
    "sentiment_mean_7",
    "sentiment_diff_1",
    "sentiment_window_spread_3_7"
  ],
  "means": {
    "return_1": 0.0014722882385477358,
    "log_return_1": 0.001281118740034462,
    "momentum_14": 0.01973295138878609,
    "volatility_14": 0.01680177460820234,
    "rsi_14": 57.845410276843054,
    "day_of_week_sin": 0.3607787182376709,
    "day_of_week_cos": -0.09155864735955731,
    "day_of_year_sin": -0.00561651146202242,
    "day_of_year_cos": -0.01761506095077155,
    "volume_change_1": 0.06742498501136963,
    "news_count": 0.2070808283233133,
    "mean_ticker_sentiment": 0.09126813605650277,
    "mean_ticker_relevance": 0.29447014902787555,
    "sentiment_std": 0.009036946377915253,
    "days_since_last_news": 13.251169004676019,
    "sentiment_mean_3": 0.09112252884207392,
    "sentiment_mean_7": 0.0909845302729458,
    "sentiment_diff_1": 0.00029401402805613434,
    "sentiment_window_spread_3_7": 0.00013799856912812108
  },
  "stds": {
    "return_1": 0.01953205613930794,
    "log_return_1": 0.019502529711137136,
    "momentum_14": 0.05437637164776144,
    "volatility_14": 0.010666998552357879,
    "rsi_14": 14.804745120733006,
    "day_of_week_sin": 0.5149620608128266,
    "day_of_week_cos": 0.7721850856393682,
    "day_of_year_sin": 0.7139738997275735,
    "day_of_year_cos": 0.699928164124361,
    "volume_change_1": 0.4107490758230019,
    "news_count": 0.5420247939295003,
    "mean_ticker_sentiment": 0.16229627314930384,
    "mean_ticker_relevance": 0.32028777772118755,
    "sentiment_std": 0.04157608778203162,
    "days_since_last_news": 23.078495203353206,
    "sentiment_mean_3": 0.13521699678912238,
    "sentiment_mean_7": 0.11206724289071866,
    "sentiment_diff_1": 0.1418552424885624,
    "sentiment_window_spread_3_7": 0.07770889837196125
  }
}