{
  "fit_split": "train",
  "feature_columns": [
    "return_1",
    "log_return_1",
    "momentum_14",
    "volatility_14",
    "rsi_14",
    "day_of_week_sin",
    "day_of_week_cos",
    "day_of_year_sin",
    "day_of_year_cos",
    "volume_change_1",
    "news_count",
    "mean_ticker_sentiment",
    "mean_ticker_relevance",
    "sentiment_std",
    "days_since_last_news",
    "sentiment_mean_3",
    "sentiment_mean_7",
    "sentiment_diff_1",
    "sentiment_window_spread_3_7"
  ],
  "means": {
    "return_1": 0.0009320505808149244,
    "log_return_1": 0.0007897942254929209,
    "momentum_14": 0.013071179303198021,
    "volatility_14": 0.01493103298454126,
    "rsi_14": 55.66539605232279,
    "day_of_week_sin": 0.3607787182376709,
    "day_of_week_cos": -0.09155864735955731,
    "day_of_year_sin": -0.00561651146202242,
    "day_of_year_cos": -0.01761506095077155,
    "volume_change_1": 0.061659340049185156,
    "news_count": 0.5604542418169672,
    "mean_ticker_sentiment": 0.09382936839022217,
    "mean_ticker_relevance": 0.44584567410652504,
    "sentiment_std": 0.028002168282285772,
    "days_since_last_news": 2.888443553774215,
    "sentiment_mean_3": 0.09382888501028641,
    "sentiment_mean_7": 0.09383274452879382,
    "sentiment_diff_1": 4.4157386834500664e-07,
    "sentiment_window_spread_3_7": -3.859518507415297e-06
  },
  "stds": {
    "return_1": 0.01688388655958237,
    "log_return_1": 0.016833044071122266,
    "momentum_14": 0.05504459235902486,
    "volatility_14": 0.00827095702600897,
    "rsi_14": 15.855909258475622,
    "day_of_week_sin": 0.5149620608128266,
    "day_of_week_cos": 0.7721850856393682,
    "day_of_year_sin": 0.7139738997275735,
    "day_of_year_cos": 0.699928164124361,
    "volume_change_1": 0.40239214590029687,
    "news_count": 0.9030412843272682,
    "mean_ticker_sentiment": 0.13755523167846842,
    "mean_ticker_relevance": 0.2571706746497493,
    "sentiment_std": 0.07586046281903848,
    "days_since_last_news": 3.708515366211892,
    "sentiment_mean_3": 0.09987181256724253,
    "sentiment_mean_7": 0.07264837120915894,
    "sentiment_diff_1": 0.15418590846201616,
    "sentiment_window_spread_3_7": 0.06934997054734286
  }
}