seed,run_name,reward_mode,sentiment_variant,differential_sharpe_eta,differential_sharpe_warmup_steps,differential_sharpe_min_variance,dataset,strategy,cumulative_return,annualized_return,annualized_volatility,sharpe_ratio,max_drawdown
42,sharpe_decay_eta0p01_seed42,sharpe,decay,0.01,20,1e-06,train,double_dqn,23.17313567493574,0.7471917946121773,0.21042985594586883,3.550787939542123,-0.11934841175012423
42,sharpe_decay_eta0p01_seed42,sharpe,decay,0.01,20,1e-06,validation,double_dqn,0.32629426912483894,0.10940768161092218,0.17710598961900462,0.617752577686859,-0.2079121727683706
42,sharpe_decay_eta0p01_seed42,sharpe,decay,0.01,20,1e-06,test,double_dqn,0.040386599102887555,0.06322860122755047,0.29274337113784055,0.21598644909291143,-0.21065329120711795
